SBCode,Production Id,,Trigger approved,Initial Approved,Billing Budget History,Cost Budget History,Budget Approval Status
SB21528,9918,SB21528 BFSI Techtalks Mumbai,TRUE,TRUE,4417437,4008442.82,Modified Budget Approved
SB21697,9919,SB21697 Castrol India Stall - IMTEX (Tool Tech),TRUE,TRUE,1330560,1259600,Approved
SB21700,9920,SB21700 Amazon SPS,TRUE,TRUE,401218.4,278646,Approved
SB21703,9921,SB21703 BFSI VCF Workshops,TRUE,TRUE,3109238,1723662.63,Approved
SB21704,9922,SB21704 Castrol India TUBE India Expo November,TRUE,TRUE,415514,377740,Approved
SB21733,9923,SB21733 Amazon ring devices event,TRUE,TRUE,162635,111886,Approved
SB21770,9924,SB21770 Mangalam Leasing Channel Partners Meet,TRUE,TRUE,2413600,1855318.54,Approved
SB21797,9925,SB21797  Intel stall at Data Hack Summit 2024 at Nimhans,TRUE,TRUE,489783,209322,Approved
SB21800,9926,SB21800 Towards Tanzu Activities,TRUE,TRUE,1933840,996519,Approved
SB21804,9927,SB21804 Dell CSG event,TRUE,TRUE,11400000,9594290.8,Approved
SB21807,9928,SB21807 Red Hat Summit Connect,TRUE,TRUE,24389088,20299475.04,Approved
SB21814,9929,SB21814 Booth Participation @Gartner Symposium 2024,TRUE,TRUE,409750,96922.5,Approved
SB21829,9930,SB21829 Adobe Day @ Corporates,TRUE,TRUE,2527500,757425,Approved
SB21847,9931,SB21847 Siemens Ahmedabad Townhall event,TRUE,TRUE,67831,19749,Approved
SB21859,9932,SB21859 NVIDIA - AI Summit at  23rd to 25th Oct 2024,TRUE,TRUE,344008695.7,285906313.2,Approved
SB21861,9933,SB21861 HPE Discover More AI,TRUE,TRUE,43169821,30543695.48,Approved
SB21873,9934,"SB21873  INGKA - Mapic Stall 2024 at Jio,",TRUE,TRUE,3297085,2158341.6,Approved
SB21888,9935,SB21888 Hitachi Gartner Symposium 2024.,TRUE,TRUE,5035200,4409926,Approved
SB21911,9936,SB21911 IKEA - Festive Lighting 2024,TRUE,TRUE,4000000,0,Approved
SB21911,9936,SB21911 IKEA - Festive Lighting 2024,TRUE,TRUE,6002832,4416323,Approved
SB21914,9937,SB21914 Amazon Ace Awards,TRUE,TRUE,263375,188035,Approved
SB21917,9938,SB21917 Towards VSP One pipeline acceleration campaign,TRUE,TRUE,3174924.93,2754926,Approved
SB21920,9939,SB21920 Sustainability Campaign,TRUE,TRUE,415000,6500,Approved
SB21930,9940,SB21930 Cognizant - CIO 100 SYMPOSIUM & AWARDS,TRUE,TRUE,180070,105729,Approved
SB21931,9941,SB21931 IKEA - Influencer Activity,TRUE,TRUE,1785916,1339437,Approved
SB21935,9942,SB21935 Siemens Mobility Tactical Table,TRUE,TRUE,2397035.4,1875000,Approved
SB21939,9943,SB21939 Towards Booth set up at DevOpsDays Kerela 2024.,TRUE,TRUE,123389.25,112172.72,Approved
SB21940,9944,SB21940 HPE Booth at NVIDIA AI Summit at JIO convention Centre Mumbai,TRUE,TRUE,5718840,4662115.37,Approved
SB21944,9945,SB21944 Amazon SPS,TRUE,TRUE,1712265.28,1392963,Approved
SB21945,9946,SB21945 Lenovo R&D Lab Innaugration,TRUE,TRUE,2246564.16,1574569.5,Approved
SB21947,9947,SB21947 NetApp Targus Roundtable Conference,TRUE,TRUE,566389,413119,Approved
SB21954,9948,"SB21954 Github Reconnect Series, Sep to Nov 2024",TRUE,TRUE,1241937,706351.4,Approved
SB21960,9949,SB21960 Futureworks India 2024,TRUE,TRUE,7890000,4926692.35,Approved
SB21961,9950,SB21961 Towards Webinar Promotion Services,TRUE,TRUE,335680,112786,Approved
SB21975,9951,SB21975 Siemens R2R Townhall,TRUE,TRUE,480306,306000,Approved
SB21981,9952,"SB21981 Adobe ALM booth set-up, hotel Taj",TRUE,TRUE,850000,137474,Approved
SB21982,9953,"SB21982 Kia Inspiration Day,",TRUE,TRUE,25313041,17335927,Approved
SB21983,9954,SB21983 TVS Srichakra Eurogrip No Parking board,TRUE,TRUE,27520,24150,Approved
SB21984,9955,SB21984 NatWest Signature Borad Campaign,TRUE,TRUE,32750,25000,Approved
SB21985,9956,SB21985 Havas Apparelre Sources - ASW 2024,TRUE,TRUE,150000,134018,Approved
SB21986,9957,SB21986 Cognizant TD Bank Client Visit,TRUE,TRUE,269236,220580,Approved
SB21987,9958,SB21987 TVS Srichakra RRC/MMC/CPC Activity,TRUE,TRUE,31390,27717,Approved
SB21988,9959,SB21988 Cognzinat Cr3own client Visit,TRUE,TRUE,819005,639222,Approved
SB21989,9960,SB21989 BP Townhall,TRUE,TRUE,628998.66,296318.33,Approved
SB21990,9961,SB21990 Intel Altera Innovation Day,TRUE,TRUE,4963500,4592717.42,Approved
SB21991,9962,SB21991 Intel  ConnectiON 2024 - Phase 1,TRUE,TRUE,9930859.96,4748000,Approved
SB21993,9963,"SB21993 Brookfield Properties Gallery Set-up,",TRUE,TRUE,520190,238574,Approved
SB21995,9964,SB21995 Ikea - Durga Utsav Event,TRUE,TRUE,3034350,1777483.89,Approved
SB21996,9965,SB21996 Tech Data VEGAS Fest 2024,TRUE,TRUE,402500,251945,Approved
SB21997,9966,SB21997 Redington CIO KLUB 2024,TRUE,TRUE,300840,213700,Approved
SB21998,9967,SB21998 Novo Development All Leaders Meet 2024,TRUE,TRUE,1995730.62,1190729,Approved
SB21999,9968,SB21999 Nikon booth set-up,TRUE,TRUE,3666447,2943714.5,Approved
SB22000,9969,SB22000 stall in Didac India Expo,TRUE,TRUE,53120,34484.75,Approved
SB22001,9970,SB22001  Intel Altera IMC Meeting,TRUE,TRUE,825000,348030.48,Approved
SB22002,9971,SB22002  IKEA  - Influencer Meet,TRUE,TRUE,2245584,1648897.5,Approved
SB22003,9972,SB22003 Siemens - EHS Stall at CII,TRUE,TRUE,304464,248537,Approved
SB22004,9973,SB22004 NetApp Ahmedabad,TRUE,TRUE,181887.5,88730,Approved
SB22005,9974,"SB22005 Schneider Retailers Meet,",TRUE,TRUE,3302404,2438223,Approved
SB22007,9975,SB22007 Linkedin Creator’s Event,TRUE,TRUE,72600,30091,Approved
SB22008,9976,SB22008 Amazon Big Bets Paper Inserts,TRUE,TRUE,1570800,1200000,Approved
SB22009,9977,SB22009 RNTBCI Team Outing 2024,TRUE,TRUE,166100,121265,Approved
SB22010,9978,SB22010 Veeva Systems Summit 2023,TRUE,TRUE,3465250,2761437.83,Approved
SB22011,9979,SB22011 Siemens Healthineers_Pen branding,TRUE,TRUE,31325,23493.75,Approved
SB22012,9980,SB22012 NetApp Sify Corp,TRUE,TRUE,876090.86,642558.61,Approved
SB22013,9981,SB22013 Amazon Box Installation,TRUE,TRUE,1528120,929109,Approved
SB22015,9982,SB22015 Siemens Energy_ Crystal Memento & Jute Bag,TRUE,TRUE,626789,359650,Approved
SB22016,9983,SB22016 Hindustan Lab Day with Lakme Sunexpert Event,TRUE,TRUE,774974,515516.85,Approved
SB22017,9984,SB22017 HUL - FinAce Season 8 Finale Event,TRUE,TRUE,693500,306599.55,Approved
SB22018,9985,SB22018 Towards stock footage,TRUE,TRUE,112725,84543.75,Approved
SB22019,9986,SB22019 Hitachi ABM – Q3 tech workshops – multiple cities,TRUE,TRUE,1245000,952500,Approved
SB22020,9987,SB22020 Mahindra LMM,TRUE,TRUE,71500,24000,Approved
SB22021,9988,SB22021 Danfoss IFAT Expo,TRUE,TRUE,511164,384219,Approved
SB22022,9989,SB22022 TVS Srichakra Easel Stand for Shiprocket,TRUE,TRUE,10750,10000,Approved
SB22023,9990,SB22023 VISTA 5 YEARS FOUNDATION DAY,TRUE,TRUE,2297922,1579546,Approved
SB22024,9991,SB22024 Amazone Smart Home Gym Banner,TRUE,TRUE,30536,16268,Approved
SB22025,9992,"SB22025 Siemens Townhall at Transformer Factory,",TRUE,TRUE,471436.95,370785,Approved
SB22026,9993,"SB22026 Siemens Advanta D- Manager Conclave at Pune,Gurgaon,Chennai & Bangalore",TRUE,TRUE,3392565.5,2706652.34,Approved
SB22027,9994,SB22027 HUL Kedar's Farewell + HR All Stars 2024,TRUE,TRUE,1596210,1280587,Approved
SB22028,9995,SB22028 LSIP Diwali Party,TRUE,TRUE,3366144,2462445.37,Approved
SB22029,9996,SB22029 Cognizant - Loowis Client Visit,TRUE,TRUE,411290,313140,Approved
SB22030,9997,SB22030 Cognizant Novartis Client Visit,TRUE,TRUE,2511414.4,2020188.04,Approved
SB22031,9998,SB22031 HPE Storage TBM Tele Lead generation Program,TRUE,TRUE,5884010,4914843,Approved
SB22034,9999,SB22034 HPE Sales Enablement with Wipro,TRUE,TRUE,4071097,3179889.65,Approved
SB22035,10000,SB22035 Siemens -#OnTheMOon (5 cities),TRUE,TRUE,92858.5,34250,Approved
SB22036,10001,SB22036 TVS Srichakra Backdrop setup,TRUE,TRUE,38484,23016,Approved
SB22037,10002,SB22037 TVS Srichakra Eurogrip Store Launch,TRUE,TRUE,111546,94500,Approved
SB22038,10003,SB22038 AiSensy event by RV Global,TRUE,TRUE,2315786,1496394,Approved
SB22039,10004,SB22039 TVS Srichakra for Shiprocket Recharge,TRUE,TRUE,32250,30300,Approved
SB22040,10005,SB22040 NXP CEO Townhall,TRUE,TRUE,1976243,1481491,Approved
SB22041,10006,SB22041 HUL - LFW Delhi x TRESemme Stall,TRUE,TRUE,3973402,3147323.03,Approved
SB22042,10007,SB22042 Accenture Townhall,TRUE,TRUE,240889,140000,Approved
SB22043,10008,SB22043 Google YT Shopping accelerator,TRUE,TRUE,42795151,26647633.96,Approved
SB22044,10009,SB22044 Google YT Creator Collective with Lakme,TRUE,TRUE,2675778,639259,Approved
SB22045,10010,SB22045 Adobe Elite Circle Mumbai & Bangalore,TRUE,TRUE,3280032,3181461,Approved
SB22046,10011,SB22046 HPE CIC Visit arrangements,TRUE,TRUE,348662,252000,Approved
SB22047,10012,SB22047 IGC 2024 - Taj Palace Delhi,TRUE,TRUE,4426556.53,2499318.56,Approved
SB22048,10013,SB22048 OnePlus OEF in Bangkok,TRUE,TRUE,6225923,4696502.45,Approved
SB22049,10014,SB22049 Virtual Event Production for Tata Ethics Case Study Competition 2024,TRUE,TRUE,256360,192270,Approved
SB22050,10015,SB22050 Amazon Devices OS Townhall,TRUE,TRUE,1359963,1144753,Approved
SB22051,10016,SB22051 Hyderabad Developer Workshop,TRUE,TRUE,18645,7250,Approved
SB22052,10017,SB22052 Siemens In Collabration with Snap Logic Event on 15th October,TRUE,TRUE,103831.4,50690,Approved
SB22053,10018,SB22053 Siemens Ltd,TRUE,TRUE,76252.58,24485,Approved
SB22054,10019,SB22054 Microsoft Ai Mixer 2024,TRUE,TRUE,3111324,2625760.4,Approved
SB22055,10020,SB22055 SAP Innovation Day,TRUE,TRUE,3616045.4,2291320.49,Approved
SB22056,10021,SB22056 Panasonic Broadcast India,TRUE,TRUE,1804963,1573003.03,Approved
SB22057,10022,SB22057 VST Diwali Family Day,TRUE,TRUE,1926650,1416948.76,Approved
SB22058,10023,SB22058 TRESemme Lamellar Launch,TRUE,TRUE,3734337,2327023.83,Approved
SB22059,10024,SB22059 Aditya Birla Sunlife Insurance Agency Meet 2024,TRUE,TRUE,1036409,999219,Approved
SB22060,10025,SB22060 Novo Nordisk Apac Townhall,TRUE,TRUE,940337.2,511314,Approved
SB22061,10026,SB22061 OnePlus HUFT Donation Boxes,TRUE,TRUE,131841,80700,Approved
SB22062,10027,SB22062 Siemens Switchboard 50 Years Celebration,TRUE,TRUE,1646855.78,1193731.47,Approved
SB22063,10028,SB22063 Disney Hotstar - EPL Screening,TRUE,TRUE,694788.5,553329,Approved
SB22064,10029,SB22064 IKEA - Societies Voucher Distribution,TRUE,TRUE,670367,453062,Approved
SB22065,10030,SB22065 Blue Grass - Family Day,TRUE,TRUE,1486833,134800,Approved
SB22066,10031,SB22066 Edward Jones Client Visit,TRUE,TRUE,221914,173650,Approved
SB22067,10032,SB22067 Hartford Client Visit,TRUE,TRUE,619239.5,498889.32,Approved
SB22068,10033,SB22068 Expo Booth Nvidia AI Summit,TRUE,TRUE,884349,9617,Approved
SB22069,10034,SB22069 HUL - October Events 2024,TRUE,TRUE,3679065.08,2395463.31,Approved
SB22070,10035,SB22070 Redington NetApp event with Velocis,TRUE,TRUE,664855.5,462022.2,Approved
SB22071,10036,SB22071 Accenture Sanjay Dawar's Farewell,TRUE,TRUE,372075,279056.25,Approved
SB22072,10037,"SB22072 NVIDIA AI Summit India at Jio World Center, Mumbai",TRUE,TRUE,742134.4,220432.8,Approved
SB22073,10038,"SB22073 Sucess Gala  at Grand Sheraton, Chennai",TRUE,TRUE,1005156,688588.44,Approved
SB22074,10039,SB22074 TVS Sub Dealer Meet At Ghaziabad,TRUE,TRUE,191232,163480,Approved
SB22075,10040,SB22075 Siemens GBS APS Townhall,TRUE,TRUE,541683,384816,Approved
SB22076,10041,SB22076 Kotak Townhall with the CEO,TRUE,TRUE,842319.8,673976,Approved
SB22077,10042,SB22077 SAFETY CONCLAVE 2024,TRUE,TRUE,822332,630449.43,Approved
SB22078,10043,SB22078 COGNIZANT Blackstone visit - Hyderabad H04,TRUE,TRUE,632808,427785,Approved
SB22079,10044,SB22079 Cognizant Pega Symposia 2024 Event,TRUE,TRUE,2145113.96,1730469.11,Approved
SB22080,10045,SB22080 Brookfield Properties Diwali Celebration  @ 5 locations,TRUE,TRUE,10520500,8260156,Approved
SB22081,10046,SB22081 HUL -  LAKME x Nykaaland,TRUE,TRUE,2500730,1307870.17,Approved
SB22082,10047,SB22082 NXP German Delegate event 2024,TRUE,TRUE,3106091,2124469.28,Approved
SB22083,10048,SB22083 SAP Come Alive,TRUE,TRUE,321915,175445,Approved
SB22084,10049,SB22084  Lotus Car Display @ 4 seasons,TRUE,TRUE,174900,94383,Approved
SB22085,10050,SB22085 Amazone Transcend,TRUE,TRUE,245394.6,171652,Approved
SB22086,10051,SB22086 Cogizant BAT Client visit,TRUE,TRUE,640783,416540,Approved
SB22087,10052,SB22087 Dell IE Multicity events,TRUE,TRUE,14100000,11695633.17,Approved
SB22088,10053,SB22088 Dell Qualcomm Launch,TRUE,TRUE,6639050,5049339.86,Approved
SB22089,10054,SB22089 Dell IE Multicity events,TRUE,TRUE,21900000,17069132.2,Approved
SB22090,10055,SB22090 Vivo X200 immersion and Launch event,TRUE,TRUE,25528081,19312782.31,Approved
SB22091,10056,SB22091 Booth Management at NVIDIA AI Summit,TRUE,TRUE,540171.72,411227.9,Approved
SB22092,10057,SB22092 Cloudodyssey Diwali Gifting,TRUE,TRUE,361900,273000,Approved
SB22093,10058,SB22093 Accenture AQA Education_Offsite,TRUE,TRUE,70422,55320,Approved
SB22094,10059,SB22094 HPE Discover Booth Activation,TRUE,TRUE,498305,373728.75,Approved
SB22095,10060,SB22095 Adobe ALM booth set up,TRUE,TRUE,300000,159202,Approved
SB22096,10061,SB22096 DBS India Townhall Q4,TRUE,TRUE,737748,533601,Approved
SB22097,10062,SB22097 Siemens Transform Innovation Day 2024,TRUE,TRUE,16500000,13938514.91,Approved
SB22098,10063,SB22098 SAP Statutory Board Meeting,TRUE,TRUE,9393104.58,5535285.5,Approved
SB22099,10064,"SB22099 Greenlam Design Nxt, Prague, Czech Republic,",TRUE,TRUE,2399999,1995505.89,Approved
SB22100,10065,SB22100 Amazone  GIF event,TRUE,TRUE,121594,82500,Approved
SB22101,10066,SB22101 Meta x Lakme Rouge Bloom at Meta,TRUE,TRUE,894242,709568,Approved
SB22102,10067,SB22102 RWA Activity - Prestige St. Johnswood,TRUE,TRUE,107568,77104,Approved
SB22103,10068,SB22103 PhonePe Diwali Booth - Pune,TRUE,TRUE,331771.68,190000,Approved
SB22104,10069,SB22104 TVS Srichakra for Kari Motors,TRUE,TRUE,3010,2500,Approved
SB22105,10070,SB22105  SAP Golf Clinic for Customers,TRUE,TRUE,3677740,2784912.61,Approved
SB22106,10071,SB22106 RRC & MMC FOR PAN IND SEP24,TRUE,TRUE,31847,29159,Approved
SB22107,10072,SB22107 Graphifiers Clean India Expo,TRUE,TRUE,1977366.7,1593037.65,Approved
SB22108,10073,SB22108 DBS Bank Conference - Meet & Greet,TRUE,TRUE,364430,320458.41,Approved
SB22109,10074,SB22109 DBS Bank - Filming Podcast,TRUE,TRUE,98450,55922,Approved
SB22110,10075,SB22110 DBS Dinner & Dance Event,TRUE,TRUE,3139842,2772257.97,Approved
SB22111,10076,SB22111 Red Hat Govt / PSU Event– Re invent the Future- Tech Talks,TRUE,TRUE,2824355.95,1525725.24,Approved
SB22112,10077,SB22112 THOUGHTWORKS X-Interview Shoot,TRUE,TRUE,275000,200000,Approved
SB22113,10078,SB22113 Panasonic office brandings,TRUE,TRUE,347099,312086.06,Approved
SB22114,10079,SB22114 VFS Global Dinner Event at the Hotel,TRUE,TRUE,4717462.5,3690934.38,Approved
SB22115,10080,SB22115 Orient Electric Dealer Meet,TRUE,TRUE,10000000,7379318,Approved
SB22116,10081,SB22116 Red Hat-TCS lending as a service event,TRUE,TRUE,822437,616827.75,Approved
SB22117,10082,SB22117 Towards Japan EBC eDM & RSVP,TRUE,TRUE,15000,11250,Approved
SB22118,10083,"SB22118 SAP Grand Prix Jute Bags, Trophies",TRUE,TRUE,554777.5,329108,Approved
SB22119,10084,SB22119 Siemens Mobility Townhall 2024,TRUE,TRUE,335891.48,208845.39,Approved
SB22120,10085,SB22120 Dell Multicity events,TRUE,TRUE,24200000,17317735,Approved
SB22121,10086,SB22121 HUL - B&W Global Visit,TRUE,TRUE,7293905,2974284.49,Approved
SB22122,10087,SB22122 HUL - R&D Global Visit,TRUE,TRUE,305986,121175,Approved
SB22123,10088,SB22123 IKEA - Nov & Dec Activity,TRUE,TRUE,2474175,1399263,Approved
SB22124,10089,SB22124 Winner & Partner Trophies for INDUS Conclave & SAP ACE Awards,TRUE,TRUE,2270075,2005600,Approved
SB22125,10090,SB22125 Thoughtworks - Xconf 2024,TRUE,TRUE,2550110,1806668.36,Approved
SB22126,10091,SB22126 HUL Women in STEM 2024,TRUE,TRUE,3100000,968947.97,Approved
SB22127,10092,SB22127 India ELT Customer Roadshow,TRUE,TRUE,2928934.14,2100423.87,Approved
SB22128,10093,SB22128 DBS India Singapore Connect Envelope printing,TRUE,TRUE,179025,7158,Approved
SB22129,10094,SB22129 DBS Tech Roadshow,TRUE,TRUE,499917,280000,Approved
SB22130,10095,SB22130 OnePlus Jam Night,TRUE,TRUE,88485,38202,Approved
SB22131,10096,SB22131 Microsoft Manager's day at Jodhpur,TRUE,TRUE,9678132,8439053.06,Approved
SB22132,10097,SB22132 My TVS Showroom Inauguration,TRUE,TRUE,202950,157410,Approved
SB22133,10098,SB22133 TVS CERTIFIED Sign Board,TRUE,TRUE,99000,73926,Approved
SB22134,10099,SB22134 Haleon Office Inauguration - Phase 2,TRUE,TRUE,228066.3,168403,Approved
SB22135,10100,SB22135 TVS Eurogrip stall in Krishithon,TRUE,TRUE,1344395,971729.48,Approved
SB22136,10101,SB22136 GOC Infinity 2024,TRUE,TRUE,13728189.2,10141323.45,Approved
SB22137,10102,SB22137 HUL Lux - Meet & Greet,TRUE,TRUE,1400000,798042.45,Approved
SB22138,10103,SB22138 STT CIO CLUB Giveway,TRUE,TRUE,203500,185000,Approved
SB22139,10104,SB22139 HPE QBR 2024,TRUE,TRUE,4495685,4246057.6,Approved
SB22140,10105,SB22140 Amazon - Leadership Offsite,TRUE,TRUE,730920.45,554945.9,Approved
SB22141,10106,SB22141 Cognizant Nationwide Client Visit,TRUE,TRUE,734758.2,638479.99,Approved
SB22142,10107,SB22142 ABG 15th Mission Happiness Leaders Meet 2024,TRUE,TRUE,903788,485179,Approved
SB22143,10108,SB22143 Cognizant Beyond Boundaries Event,TRUE,TRUE,31647,27506,Approved
SB22144,10109,SB22144 Sap Innovation Days & Invent Finale,TRUE,TRUE,468237,194844,Approved
SB22145,10110,"SB22145 India Fastener Show, 22-24 Nov 2024, PIEMC,",TRUE,TRUE,367000,285000,Approved
SB22146,10111,SB22146 Cognizant India Team Connect,TRUE,TRUE,44440,40400,Approved
SB22147,10112,SB22147 INTEL  Global AI Conclave CNBC,TRUE,TRUE,800000,529210.82,Approved
SB22148,10113,SB22148 Accenture Natwest Event,TRUE,TRUE,183700,101152,Approved
SB22149,10114,SB22149 HPE Secure AI-Ready Data Centers,TRUE,TRUE,1592250,1282475,Approved
SB22150,10115,SB22150 Accenture Marriott Virtual Visit Broadcast,TRUE,TRUE,213400,96737,Approved
SB22151,10116,SB22151 NatWest Video Shoot,TRUE,TRUE,72800,52000,Approved
SB22152,10117,SB22152 Now Comms Asia of materials / resources,TRUE,TRUE,111550,36000,Approved
SB22153,10118,SB22153 TVS Eurogrip Store Launch @ Patna,TRUE,TRUE,39936.25,27000,Approved
SB22154,10119,SB22154 Mahindra eSUV Launch Event,TRUE,TRUE,44617630.61,29521506.25,Approved
SB22155,10120,SB22155 BYD Anniversary Celebration 20204,TRUE,TRUE,122823,86075.36,Approved
SB22156,10121,SB22156 STT Pune Ai Lab Branding,TRUE,TRUE,867267,20000,Approved
SB22157,10122,SB22157 Talk in Graph Talk in Delhi,TRUE,TRUE,1593752.8,808939.75,Approved
SB22158,10123,"SB22158 Spark Minda Auto Expo 2025,",TRUE,TRUE,12761382,7821661,Approved
SB22159,10124,"SB22159 VinFast Auto Expo 2025,",TRUE,TRUE,50990000,21238770,Approved
SB22160,10125,SB22160 CIO ASSOCIATION,TRUE,TRUE,1808620,1527926.43,Approved
SB22161,10126,SB22161 Hul - Lakme X Myntra,TRUE,TRUE,717800,0,Approved
SB22161,10126,SB22161 Hul - Lakme X Myntra,TRUE,TRUE,1500000,629985.75,Approved
SB22162,10127,SB22162 Sify Zscaler Customer Event.,TRUE,TRUE,482132,98750,Approved
SB22163,10128,SB22163 Accenture Mondelez Client Visit,TRUE,TRUE,80300,39008.86,Approved
SB22164,10129,SB22164 Metal Chest Badge,TRUE,TRUE,47500,36500,Approved
SB22166,10130,SB22166 DBS Bank CBG Townhall,TRUE,TRUE,96250,44385.8,Approved
SB22167,10131,SB22167 Glaxo Haleon Branded Merchandise,TRUE,TRUE,675073.1,247495,Approved
SB22168,10132,SB22168 Cognizant Nationwide Client Visit,TRUE,TRUE,396671,291324,Approved
SB22169,10133,SB22169 Industry Participation : Digital Bharat Summit,TRUE,TRUE,1259716.5,886060,Approved
SB22170,10134,SB22170 Accenture Leadership Accelerator Program,TRUE,TRUE,2671544.5,1765585.95,Approved
SB22171,10135,SB22171 Sahamati Samvaad 2024,TRUE,TRUE,5047660,3904061,Approved
SB22172,10136,SB22172 Siemens _Channel Partner Certificates and Trophy,TRUE,TRUE,330087.35,226040,Approved
SB22173,10137,SB22173 3One4 Capital CUSTOMERS MEET,TRUE,TRUE,399910,267606,Approved
SB22174,10138,SB22174 Cognizant Writing Board Setup,TRUE,TRUE,111100,100475,Approved
SB22175,10139,SB22175 Hul B&W Workshop 2024,TRUE,TRUE,1105068,422896,Approved
SB22176,10140,SB22176 Godrej agrovet booth at PepsiCo Expo 2024,TRUE,TRUE,900794,399611,Approved
SB22177,10141,SB22177 Amazon INOPS P - XTraordinaire 2024,TRUE,TRUE,1520552,1044213,Approved
SB22178,10142,SB22178 HUL - Capital Markets Day 2024,TRUE,TRUE,32852267,17885745.08,Approved
SB22179,10143,SB22179 Blue Star India Food Forum,TRUE,TRUE,130823,101442.61,Approved
SB22180,10144,SB22180 PhonePe booth BIC Indiranagar,TRUE,TRUE,20844,16079,Approved
SB22181,10145,SB22181 STT GE Colocation,TRUE,TRUE,353270.5,239742,Approved
SB22182,10146,SB22182 Danfoss Data Center Stall 2024,TRUE,TRUE,53406,37000,Approved
SB22183,10147,SB22183 Towards Idea Café Roundtable,TRUE,TRUE,1500000,1500000,Approved
SB22184,10148,SB22184 Towards Webinar Promotions & Registrations,TRUE,TRUE,547625,410718.75,Approved
SB22185,10149,SB22185 LTF Raise'24,TRUE,TRUE,12516692.82,7972323.33,Approved
SB22186,10150,"SB22186 Hero IBU Meet at  JW Marriott, Vagator, Goa on 29th November - 1st December",TRUE,TRUE,3779727,3585364.3,Approved
SB22187,10151,SB22187 Siemens Inno Rail Exbhition,TRUE,TRUE,1840250,1288905,Approved
SB22188,10152,SB22188 Metro Activation for Meta,TRUE,TRUE,5887750,5004586,Approved
SB22189,10153,SB22189 Amway NPF 3.0,TRUE,TRUE,6526623,5216147.8,Approved
SB22190,10154,SB22190 Season of Smiles,TRUE,TRUE,3786475,2909000,Approved
SB22191,10155,SB22191 Honda Amaze car launch,TRUE,TRUE,7905506,5262592.89,Approved
SB22192,10156,SB22192  Stall in Cosmoprof India 2024 at Jasmine Hall1 Jio World Convention Centre,TRUE,TRUE,259600,216230.34,Approved
SB22193,10157,SB22193 TS Rajam Awards,TRUE,TRUE,131450,87415,Approved
SB22194,10158,SB22194 Hul F&R Booth at India Food Forum,TRUE,TRUE,800000,693343.17,Approved
SB22195,10159,SB22195 SAP Come Alive,TRUE,TRUE,302049,90000,Approved
SB22196,10160,SB22196 Hilti Annual Kickoff 2025,TRUE,TRUE,18964880,13171800,Approved
SB22197,10161,SB22197 Citi Bank - Digital Leadership Summit,TRUE,TRUE,2271196.74,1461602.73,Approved
SB22198,10162,SB22198 GitHub Universe Recap,TRUE,TRUE,617700,483613,Approved
SB22199,10163,SB22199 Gulf Air Dealer Meet,TRUE,TRUE,225630,112382,Approved
SB22200,10164,SB22200 amazon superstars event,TRUE,TRUE,649880,450500,Approved
SB22201,10165,SB22201 TVS Srichakra  RRC/MMC/CPC Activity,TRUE,TRUE,144471.4,128001.26,Approved
SB22202,10166,SB22202 Intel CS Day outing,TRUE,TRUE,147554.24,95630,Approved
SB22203,10167,SB22203 stall International Indo Africa B2B trade show,TRUE,TRUE,600929,521706,Approved
SB22204,10168,SB22204 Kia Syros Content making,TRUE,TRUE,5600000,2892235.65,Approved
SB22205,10169,SB22205 amazon Sambhav Collateral Decor,TRUE,TRUE,720339,332364,Approved
SB22206,10170,SB22206 EPS Leadership meeting Bhubaneswar,TRUE,TRUE,1050185.4,954714.4,Approved
SB22207,10171,SB22207 IRIS Biz by YES BANK,TRUE,TRUE,1549175,1262079.46,Approved
SB22208,10172,"SB22208 Google GCS @ Google office,",TRUE,TRUE,1303397,419689,Approved
SB22209,10173,SB22209 Cognizant Nationwide Client Visit,TRUE,TRUE,168300,89500,Approved
SB22210,10174,SB22210 Intel  Laptop storage space for Q1 FY 2025,TRUE,TRUE,414964.73,311223.55,Approved
SB22211,10175,SB22211 Uniops GSA Awards,TRUE,TRUE,1934874,1647831,Approved
SB22212,10176,SB22212 Hul B&W Global Investors Meet,TRUE,TRUE,15123187,9911747.13,Approved
SB22213,10177,SB22213 Tvs Shiprocket recharge-Dec 2024,TRUE,TRUE,21500,20200,Approved
SB22214,10178,SB22214 Google cloud family day,TRUE,TRUE,1186119,759825,Approved
SB22215,10179,SB22215 First Basis Rupee Money Conference,TRUE,TRUE,1320000,882392,Approved
SB22216,10180,SB22216 SAP Signavio Webinar,TRUE,TRUE,715000,650000,Approved
SB22217,10181,SB22217 Renault Step Up 2024,TRUE,TRUE,235294.5,177136,Approved
SB22218,10182,SB22218 Super Star Product Launch,TRUE,TRUE,2319150,1999640,Approved
SB22219,10183,SB22219 Pinnacle CXO Dialogue Event,TRUE,TRUE,7700,3500,Approved
SB22220,10184,SB22220 Amazone Year End Party,TRUE,TRUE,107800,73679,Approved
SB22221,10185,SB22221 AstraZeneca Team Outing,TRUE,TRUE,139700,50889,Approved
SB22222,10186,SB22222 Towards Demand Generation Campaign,TRUE,TRUE,1270000,1200000,Approved
SB22223,10187,SB22223 Towards Webinar Registrations,TRUE,TRUE,507000,380250,Approved
SB22224,10188,SB22224 SAP Come Alive,TRUE,TRUE,1486322.2,970354,Approved
SB22225,10189,SB22225 Loreal Kios Setup,TRUE,TRUE,264000,178586,Approved
SB22226,10190,SB22226 Tvs Dealer Meet,TRUE,TRUE,107296.29,121385.5,Approved
SB22227,10191,SB22227 SAP Annual Day Hyderabad 2024,TRUE,TRUE,2663421.28,2298425,Approved
SB22228,10192,SB22228 CIO Association Family Day,TRUE,TRUE,1270843,930616,Approved
SB22229,10193,SB22229 amazon- tech event,TRUE,TRUE,116820,81200,Approved
SB22230,10194,SB22230 Cognizant Nationwide Client Visit,TRUE,TRUE,471790,160000,Approved
SB22231,10195,SB22231 GitHub India Icons,TRUE,TRUE,983679,739026,Approved
SB22232,10196,SB22232 Amazon TGIF,TRUE,TRUE,118360,83027,Approved
SB22233,10197,SB22233 Zomato Sustainability and Policy Conference,TRUE,TRUE,1748353,923846,Approved
SB22234,10198,SB22234 Tata Giveaways,TRUE,TRUE,29613,7238,Approved
SB22235,10199,"SB22235 LK Big announcement,",TRUE,TRUE,1232935,666228.26,Approved
SB22236,10200,SB22236 Havmor AOP meet 2025,TRUE,TRUE,2602500,2050717.5,Approved
SB22237,10201,SB22237 Accenture Smart Mining & Chemical Model,TRUE,TRUE,180000,170000,Approved
SB22238,10202,SB22238 SAP build day 2024,TRUE,TRUE,1344079,848182,Approved
SB22239,10203,SB22239 Brookprpo IPC Brookfield,TRUE,TRUE,2818920.5,2111154,Approved
SB22240,10204,SB22240 Google App Dev event,TRUE,TRUE,987250,740437.5,Approved
SB22241,10205,SB22241 Siemens mobility Branding,TRUE,TRUE,416572.18,227879,Approved
SB22242,10206,SB22242 Executive Breifing Forum,TRUE,TRUE,1187115,958250,Approved
SB22243,10207,SB22243 PhonePe BMM,TRUE,TRUE,1674972.43,1377421,Approved
SB22244,10208,SB22244 Star Health Press Meet 2024,TRUE,TRUE,226800,158829,Approved
SB22245,10209,SB22245 Havas Stall at TIE Global Summit.,TRUE,TRUE,204000,124500,Approved
SB22246,10210,"SB22246 Vast Data India Tour, Grand Hyatt Mumbai",TRUE,TRUE,1456766,978905,Approved
SB22247,10211,SB22247 Cognizant AKSO Visit Booth,TRUE,TRUE,151074,118660,Approved
SB22248,10212,SB22248 Executive Breifing Forum,TRUE,TRUE,149600,112200,Approved
SB22249,10213,SB22249 Hero Nakshatra in Baku,TRUE,TRUE,11685140,11047704,Approved
SB22250,10214,SB22250 Cognizant Leadership Summit Udaipur,TRUE,TRUE,1493407.3,1234897,Approved
SB22251,10215,SB22251 Dell Gift delivery for PTC Door Openers India,TRUE,TRUE,1737450,1237500,Approved
SB22252,10216,SB22252 HUL - Prabhat Turns 11 2024,TRUE,TRUE,1600000,1104370.81,Approved
SB22253,10217,SB22253 OnePlus Media Drive in Sri Lanka,TRUE,TRUE,6127633,5032889.38,Approved
SB22254,10218,"SB22254 HPE Ignite in Athens, Greece",TRUE,TRUE,46500000,37620500,Approved
SB22255,10219,SB22255 cognizant AIA Event logistic,TRUE,TRUE,806058,740828,Approved
SB22256,10220,SB22256 Cognizant Musical evening - Hyderabad,TRUE,TRUE,1432519,1375471.99,Approved
SB22257,10221,SB22257 Adobe ABM activities,TRUE,TRUE,1685000,1263750,Approved
SB22258,10222,SB22258 Amazon SX-FCGT Meeting,TRUE,TRUE,695602,461623,Approved
SB22259,10223,SB22259 Cognizant FSI Strategy Meet,TRUE,TRUE,310750,241800,Approved
SB22260,10224,SB22260 Christmas Decor - Multiple Sites,TRUE,TRUE,99110,55000,Approved
SB22261,10225,SB22261 Cognizant Namma Mangaluru Beats,TRUE,TRUE,835796,702221,Approved
SB22262,10226,SB22262 DBS Bank - Future of Ops Festival,TRUE,TRUE,400400,261750,Approved
SB22263,10227,SB22263 Google YT Creator Collective Q1 & Q2 2025,TRUE,TRUE,19679990,14759992.5,Approved
SB22264,10228,SB22264 Red Hat Summit Connect 2024,TRUE,TRUE,1300000,975000,Approved
SB22265,10229,SB22265 Nordisk EDM,TRUE,TRUE,11000,8250,Approved
SB22266,10230,SB22266 GitHub Tech after dark Marquis,TRUE,TRUE,1829275,1162600,Approved
SB22267,10231,SB22267 OnePlus Dealer Meet,TRUE,TRUE,9458093,7431040.27,Approved
SB22268,10232,SB22268 Hitachi Idea Cafe CIO events - Feb 2025,TRUE,TRUE,3411474,2100000,Approved
SB22269,10233,SB22269 Herbalife FIT FAMILIES FEST 2025,TRUE,TRUE,11299417,3640000,Approved
SB22270,10234,SB22270 Brookfield Properties Powai Run At Powai,TRUE,TRUE,3731486,2798614.5,Approved
SB22271,10235,SB22271 NXP Stall at VLSID Conference At Bangalore,TRUE,TRUE,468214,351160.5,Approved
SB22272,10236,SB22272 BYD Auto Expo 2025 @ Pragti Maidan,TRUE,TRUE,38283592,28712694,Approved
SB22273,10237,SB22273 Towards India & Saarc Partner Summit event Execution @ Mumbai,TRUE,TRUE,2100263,1575197.25,Approved
SB22274,10238,SB22274 Cognizant Permanent Setup @ Hyderabad,TRUE,TRUE,163680,122760,Approved
SB22275,10239,SB22275 Star Health - SS Launch @ Bangalore,TRUE,TRUE,15660,11745,Approved
SB22276,10240,SB22276 ITC Conquest Giveaway @ Bangalore,TRUE,TRUE,81840,61380,Approved
SB22277,10241,SB22277 Adobe Elite Circle At Gurgaon,TRUE,TRUE,3234784,2426088,Approved
SB22278,10242,SB22278 Delta Elecrama 2025 at Noida,TRUE,TRUE,14527205,10895403.75,Approved
SB22279,10243,SB22279 OnePlus event & SAP Giveaways at Delhi,TRUE,TRUE,380600,285450,Approved
SB22280,10244,SB22280 Cognizant Cultural Event @ Multicity,TRUE,TRUE,1451280,1088460,Approved
SB22281,10245,SB22281 Ki Mobility myTVS A@ Yashobhoomi,TRUE,TRUE,3420956,2565717,Approved
SB22282,10246,SB22282 Amazone  IESP,TRUE,TRUE,354542,265906.5,Approved
SB22283,10247,SB22283 TVS Supply Chain Solution - TS Rajam Award,TRUE,TRUE,10450,7837.5,Approved
SB22284,10248,SB22284 TVS Srichakra for Shiprocket,TRUE,TRUE,21500,16125,Approved
SB22285,10249,SB22285 Regency Ceramics Booth at Naredco Exhibition,TRUE,TRUE,657481,493110.75,Approved
SB22286,10250,SB22286 Siemens MO for T-shirt & Acrylic badge,TRUE,TRUE,25107,18830.25,Approved
SB22287,10251,SB22287 Siemens_ Customer Visit - Inauguration At Airoli,TRUE,TRUE,47183,35387.25,Approved
SB22288,10252,SB22288 OnePlus Jam Night @ IIT Madras,TRUE,TRUE,655930,491947.5,Approved
SB22289,10253,SB22289 SAP ALM Summit 2025,TRUE,TRUE,781000,585750,Approved
SB22290,10254,SB22290 Redington Data Profiling,TRUE,TRUE,570000,427500,Approved
SB22291,10255,SB22291 Siemens Walkathon 2025,TRUE,TRUE,873856,655392,Approved
SB22292,10256,SB22292 Amazone Photographer Arrangemen,TRUE,TRUE,9350,7012.5,Approved
SB22293,10257,SB22293 Aisle Experience,TRUE,TRUE,239424,179568,Approved
SB22294,10258,SB22294 Cognizant Metal Badges,TRUE,TRUE,17462,13096.5,Approved
SB22295,10259,SB22295 Accenture   CBRE Client visit,TRUE,TRUE,525937.5,394453.13,Approved
SB22296,10260,SB22296 Lakme Stall at Mithibai Fest,TRUE,TRUE,300000,225000,Approved
SB22297,10261,SB22297 YouTube Execs Meet up at Soho House Mumbai,TRUE,TRUE,622248,466686,Approved
SB22298,10262,SB22298 LogiMAT India 2025,TRUE,TRUE,300000,225000,Approved
SB22299,10263,SB22299 Cognizant Invesco Client Visit Badge,TRUE,TRUE,29920,22440,Approved
SB22300,10264,SB22300 Siemens Energy Townhall Event,TRUE,TRUE,300782,225586.5,Approved
SB22301,10265,SB22301 Redington NetApp Partner Roundtable,TRUE,TRUE,838980,629235,Approved
SB22302,10266,SB22302 Siemens SEIL : GST Registration,TRUE,TRUE,230844,173133,Approved
SB22303,10267,SB22303 Lenovo EBC Tour,TRUE,TRUE,6182956,4637217,Approved
SB22304,10268,SB22304 Siemens IMTEX 2025,TRUE,TRUE,286691,215018.25,Approved
SB22305,10269,SB22305 Dell CSG Launch on 9th April in Andaz New Delhi,TRUE,TRUE,1650000,1237500,Approved
SB22306,10270,SB22306 Dell ISG Launch 13th to 19th March,TRUE,TRUE,2000000,1500000,Approved
SB22307,10271,SB22307 Vmware Tanzu Giveaways,TRUE,TRUE,739200,554400,Approved
SB22308,10272,SB22308 OnePlus Podium Delivery at 6 stores,TRUE,TRUE,2098426,1573819.5,Approved
SB22309,10273,SB22309 Ncpa Concert Delhi,TRUE,TRUE,1926850,1445137.5,Approved
SB22310,10274,SB22310 Cognizant Alkem Laboratories Client Visit,TRUE,TRUE,70719,53039.25,Approved
SB22311,10275,SB22311 Perno store promotion installation,TRUE,TRUE,252845,189633.75,Approved
SB22312,10276,SB22312 Exclusive Lotus Showroom Launch,TRUE,TRUE,738925,554193.75,Approved
SB22313,10277,SB22313 Autodesk IMTEX 2025,TRUE,TRUE,2271500,1703625,Approved
SB22314,10278,SB22314 Siemens EA Awards 2025,TRUE,TRUE,477104,357828,Approved
SB22315,10279,SB22315 Adobe ALM Gifting in Feb 2025,TRUE,TRUE,507136,380352,Approved
SB22316,10280,SB22316 Infosys event & Giveaways in Feb 2025,TRUE,TRUE,1250000,937500,Approved
SB22317,10281,SB22317 VCF Experience Day,TRUE,TRUE,1550000,1162500,Approved
SB22318,10282,SB22318 Dell WPC & AI events in Feb 2025,TRUE,TRUE,9900000,7425000,Approved
SB22319,10283,SB22319 Dell WPC events in March 2025,TRUE,TRUE,6600000,4950000,Approved
SB22320,10284,SB22320 Dell AI & Innovation Forum events,TRUE,TRUE,3300000,2475000,Approved
SB22321,10285,SB22321 Q4 Webinar Registration,TRUE,TRUE,516000,387000,Approved
SB22322,10286,SB22322 HPE Team Event – FY25 Planning,TRUE,TRUE,550000,412500,Approved
SB22323,10287,SB22323 Tele Lead Gen Campaign - Dragonfly accounts,TRUE,TRUE,820000,615000,Approved
SB22324,10288,SB22324 Hul Board Meeting 2025,TRUE,TRUE,6684335,5013251.25,Approved
SB22326,10289,SB22326 Red Hat Tech Talks Series,TRUE,TRUE,3391394,2543545.5,Approved
SB22327,10290,SB22327 Siemens Healthineers DC,TRUE,TRUE,8557172,6417879,Approved
SB22328,10291,SB22328 Next Leap CHRO event,TRUE,TRUE,2178877,1634157.75,Approved
SB22329,10292,SB22329 Sleepwell's Founders Day,TRUE,TRUE,5156545,3867408.75,Approved
SB22330,10293,SB22330 OnePlus Snapshot masterclass,TRUE,TRUE,1162561,871920.75,Approved
SB22331,10294,SB22331 Intel F2F Leadership meet 2025,TRUE,TRUE,2063730,1547797.5,Approved
SB22332,10295,SB22332 Singapore GIC 15th Anniversary Celebration,TRUE,TRUE,4644563,3483422.25,Approved
SB22333,10296,SB22333 DBS Podcast with Taimur Event,TRUE,TRUE,98450,73837.5,Approved
SB22334,10297,SB22334 HUL - Taj Tea Stall,TRUE,TRUE,189796,142347,Approved
SB22335,10298,SB22335 Brookfields Waterstones,TRUE,TRUE,1995312,1496484,Approved
SB22336,10299,SB22336 Madras Music Academy,TRUE,TRUE,713927,535445.25,Approved
SB22337,10300,SB22337 Glaxo Farewell Video for Raj,TRUE,TRUE,60500,45375,Approved
SB22338,10301,SB22338 SAP Invent 3.0,TRUE,TRUE,711172,533379,Approved
SB22339,10302,SB22339 Accenture Legal Learning Lab,TRUE,TRUE,96668,72501,Approved
SB22340,10303,SB22340 KORA food Street Display Activity,TRUE,TRUE,184989,138741.75,Approved
SB22341,10304,SB22341 Modiway Launch event,TRUE,TRUE,8761500,6571125,Approved
SB22342,10305,SB22342 Accenture Can Do Awards,TRUE,TRUE,1169339,877004.25,Approved
SB22343,10306,SB22343 OnePlus Pop-up,TRUE,TRUE,13000000,9750000,Approved
SB22344,10307,SB22344 GitHub Galaxy 2025,TRUE,TRUE,10000000,7500000,Approved
SB22345,10308,SB22345 IHCL STAR Awards 2024,TRUE,TRUE,4169000,3126750,Approved
SB22346,10309,SB22346 Platinum Sponsor for BTOPEX India,TRUE,TRUE,1320000,990000,Approved
SB22347,10310,SB22347 Orica Kshitej,TRUE,TRUE,4216259,3162194.25,Approved
SB22348,10311,SB22348 Accenture Manufacturing Futurecast,TRUE,TRUE,918258,688693.5,Approved
SB22349,10312,SB22349 Tata Advanced Systems - Memento Order,TRUE,TRUE,69575,52181.25,Approved
SB22350,10313,SB22350 HUL - Novology Booth at Dermacon 2025,TRUE,TRUE,5700687,4275515.25,Approved
SB22351,10314,SB22351 HUL - Growth Leaders Forum,TRUE,TRUE,650283,487712.25,Approved
SB22352,10315,SB22352 DBS Piyush Gupta Farewell,TRUE,TRUE,599940,449955,Approved
SB22353,10316,SB22353 HUL Kissan Meeting 2025,TRUE,TRUE,495000,371250,Approved
SB22354,10317,SB22354 HUL PC Summit,TRUE,TRUE,3543710,2657782.5,Approved
SB22355,10318,SB22355 Siemens Mobility Meet 2025,TRUE,TRUE,722787,542090.25,Approved
SB22356,10319,SB22356 RNTBCi Innovfest 25,TRUE,TRUE,763077,572307.75,Approved
SB22357,10320,SB22357 KNMA Legacy Series,TRUE,TRUE,826100,619575,Approved
SB22358,10321,SB22358 HPE Wipro partner day,TRUE,TRUE,849970,637477.5,Approved
SB22359,10322,SB22359 Amazon Brand Film Amplification Plan,TRUE,TRUE,695800,521850,Approved
SB22360,10323,SB22360 Citi Bank giveaways,TRUE,TRUE,49500,37125,Approved
SB22361,10324,"SB22361  IKEA - Feb & Mar Activity from 7th Feb to 30th March 2025,",TRUE,TRUE,3091000,2318250,Approved
SB22362,10325,SB22362 Amazon SPS Fire Side Chat,TRUE,TRUE,68068,51051,Approved
SB22363,10326,SB22363 BIAL V day installations,TRUE,TRUE,1809005,1356753.75,Approved
SB22364,10327,SB22364 Microsoft townhall @ MS Office Gurgaon,TRUE,TRUE,721000,540750,Approved
SB22365,10328,SB22365 Siemens CS Global Workshop,TRUE,TRUE,64258,48193.5,Approved
SB22366,10329,SB22366 NatWest Ruchika Panesar Town Hall Meet,TRUE,TRUE,328969,246726.75,Approved
SB22367,10330,SB22367 Hitachi Yes Bank Tech Workshop Nashik,TRUE,TRUE,1000000,750000,Approved
SB22368,10331,SB22368 Hul R&D Mumbai,TRUE,TRUE,2111798,1583848.5,Approved
SB22369,10332,SB22369 Siemens Energy Office branding,TRUE,TRUE,427650,320737.5,Approved
SB22370,10333,SB22370 Accenture  Navigating caregiving – Diverse journeys and expert perspective,TRUE,TRUE,434500,325875,Approved
SB22371,10334,SB22371 Cognizant CMD Town Hall Meet 2025,TRUE,TRUE,124960,93720,Approved
SB22372,10335,SB22372 Itc Learnify Booth,TRUE,TRUE,100787,75590.25,Approved
SB22373,10336,SB22373 Audi RSQ8 Launch event,TRUE,TRUE,4189907,3142430.25,Approved
SB22374,10337,SB22374 Intel Laptop storage space,TRUE,TRUE,1591200,1193400,Approved
SB22375,10338,SB22375 Siemens locomotive model,TRUE,TRUE,292462,219346.5,Approved
SB22376,10339,SB22376 Ascension Health Client Visit,TRUE,TRUE,363214,272410.5,Approved
SB22377,10340,SB22377 INGKA - Hej Day,TRUE,TRUE,1311552,983664,Approved
SB22378,10341,SB22378 Ola Roadster Launch,TRUE,TRUE,850049,637536.75,Approved
SB22379,10342,SB22379 TATA Ethics & Affirmative Action Summit 2025,TRUE,TRUE,2041248,1530936,Approved
SB22380,10343,SB22380 Aisle Valentines Day,TRUE,TRUE,313174,234880.5,Approved
SB22381,10344,SB22381 Amway Star Awards,TRUE,TRUE,1500000,1125000,Approved
SB22382,10345,SB22382 TATA Legal Meet,TRUE,TRUE,3526391,2644793.25,Approved
SB22383,10346,SB22383 Hul Pukka event,TRUE,TRUE,1000000,750000,Approved
SB22385,10347,SB22385 GitHub Wipro Connect,TRUE,TRUE,346580,259935,Approved
SB22386,10348,SB22386 HUL West Branch Connect 2025,TRUE,TRUE,2682808,2012106,Approved
SB22387,10349,SB22387 Hul CD conference 2025,TRUE,TRUE,5671000,4253250,Approved
SB22388,10350,SB22388 Siemens SSP Launch,TRUE,TRUE,1342236,1006677,Approved
SB22389,10351,SB22389 Cognizant Crescendo,TRUE,TRUE,8887714,6665785.5,Approved
SB22390,10352,SB22390 Captain fresh IPO kick-off event,TRUE,TRUE,885811,664358.25,Approved
SB22391,10353,SB22391 Siemens - SRE Event,TRUE,TRUE,25157,18867.75,Approved
SB22392,10354,SB22392 Lightspeed - Lift Off 2025,TRUE,TRUE,7769834,5827375.5,Approved
SB22393,10355,SB22393 Siemens GBS Townhall Event,TRUE,TRUE,452837,339627.75,Approved
SB22394,10356,SB22394 Siemens Veronika Townhall  2025,TRUE,TRUE,322650,241987.5,Approved
SB22395,10357,SB22395 Hul Cornetto Stall at Zomaland,TRUE,TRUE,5001282,3750961.5,Approved
SB22396,10358,SB22396 Dell CSG Launch event,TRUE,TRUE,2100000,1575000,Approved
SB22397,10359,SB22397 Intel Cab and Bus for GPTW,TRUE,TRUE,715823,536867.25,Approved
SB22398,10360,SB22398 HUL - B&W Walkthrough,TRUE,TRUE,1801782,1351336.5,Approved
SB22399,10361,SB22399 Autodesk Design & Manufacturing Summit 2025,TRUE,TRUE,2806680,2105010,Approved
SB22400,10362,SB22400 RHEL + Ansible Workshop,TRUE,TRUE,3290000,2467500,Approved
SB22401,10363,"SB22401 Elecrama ieema, WUS Dinner,",TRUE,TRUE,1850000,1387500,Approved
SB22402,10364,SB22402 Accenture Duke Energy Client Visit Pune,TRUE,TRUE,244750,183562.5,Approved
SB22403,10365,SB22403 Amazone Stamp Purchase,TRUE,TRUE,20000,15000,Approved
SB22404,10366,SB22404 GitHub Connect in Chennai,TRUE,TRUE,263913,197934.75,Approved
SB22405,10367,SB22405 Amway Diamond Forum,TRUE,TRUE,5000000,3750000,Approved
SB22406,10368,SB22406 siemens Advanta Rainer,TRUE,TRUE,198423,148817.25,Approved
SB22407,10369,SB22407 Tvs Sub Dealer Meet,TRUE,TRUE,58131,43598.25,Approved
SB22408,10370,SB22408 Cognizant Acrylic Name Badge,TRUE,TRUE,9350,7012.5,Approved
SB22409,10371,SB22409 Towards Workshop - Bangalore & Mumbai,TRUE,TRUE,343114,257335.5,Approved
SB22410,10372,SB22410 CNBC x HUL - Lime Season,TRUE,TRUE,1673113,1254834.75,Approved
SB22411,10373,SB22411 Amazon Insurgents & EBE - Summit,TRUE,TRUE,194464,145848,Approved
SB22412,10374,SB22412 Amazon EBE Summit,TRUE,TRUE,194464,145848,Approved
SB22413,10375,SB22413 HUL advantage Assam 2.0,TRUE,TRUE,6084041,4563030.75,Approved
SB22414,10376,SB22414 Adobe MakeIT,TRUE,TRUE,8194780,6146085,Approved
SB22415,10377,SB22415 Adfactors Celebrating the Success of Initial Public Offer,TRUE,TRUE,272338,204253.5,Approved
SB22416,10378,SB22416 DBS Bank IBG Townhall 2025,TRUE,TRUE,278300,208725,Approved
SB22417,10379,SB22417 Brookprpo ESG REPORT LAUNCH,TRUE,TRUE,1503942,1127956.5,Approved
SB22418,10380,SB22418 Towards Graph Summit,TRUE,TRUE,838179,628634.25,Approved
SB22419,10381,SB22419  TVS Srichakra _Eurogrip Petrol Pump Activity & IT Park Activity,TRUE,TRUE,62162,46621.5,Approved
SB22421,10382,SB22421 Accenture Moview Tickets,TRUE,TRUE,624250,468187.5,Approved
SB22423,10383,SB22423 HUL - Liquid IV Recovery Party,TRUE,TRUE,870931,653198.25,Approved
SB22424,10384,SB22424 Cognizant Impact Awards 2025,TRUE,TRUE,4479045,3359283.75,Approved
SB22425,10385,SB22425 Cognizant Hartford - Noida Facility,TRUE,TRUE,1019799,764849.25,Approved
SB22426,10386,SB22426 Cognizant Townhall Setup,TRUE,TRUE,229636,172227,Approved
SB22427,10387,SB22427 Cognizant Suncorp Visit Pune,TRUE,TRUE,242935,182201.25,Approved
SB22428,10388,"SB22428 SAP Industry Summit at Westin, Powai",TRUE,TRUE,3412500,2559375,Approved
SB22429,10389,SB22429 Intel  Premium standee print,TRUE,TRUE,70875,53156.25,Approved
SB22430,10390,SB22430 Cellvest Launch,TRUE,TRUE,790956,593217,Approved
SB22431,10391,SB22431 Intel AIPC Workshop at ECO Training,TRUE,TRUE,586740,440055,Approved
SB22432,10392,SB22432 NCPA CONCERT,TRUE,TRUE,890340,667755,Approved
SB22433,10393,SB22433 SOFTCELL Netapp Event,TRUE,TRUE,317178,237883.5,Approved
SB22434,10394,SB22434 Amazon - LAT,TRUE,TRUE,207932,155949,Approved
SB22435,10395,SB22435 Tvs Shiprocket,TRUE,TRUE,21500,16125,Approved
SB22436,10396,SB22436 Adobe India Leadership Connect,TRUE,TRUE,840000,630000,Approved
SB22437,10397,SB22437 Aptra India Conference 2025,TRUE,TRUE,5130720,3848040,Approved
SB22438,10398,SB22438 Netapp V5 Techsol Customer Event,TRUE,TRUE,593505,445128.75,Approved
SB22439,10399,SB22439 Red Hat Q1 Tech Webinar Series,TRUE,TRUE,1232800,924600,Approved
SB22440,10400,SB22440 Star India Kannada Screening,TRUE,TRUE,618622,463966.5,Approved
SB22441,10401,SB22441 SAP Booth at NTLF 2025,TRUE,TRUE,181060,135795,Approved
SB22442,10402,"SB22442 IKEA - RAI Stall,",TRUE,TRUE,553875,415406.25,Approved
SB22443,10403,SB22443 THOUGHTWORKS BOOTH at the NASSCOM event,TRUE,TRUE,231000,173250,Approved
SB22444,10404,SB22444 CIO Netskope_CIOKlub event,TRUE,TRUE,498978,374233.5,Approved
SB22445,10405,SB22445 Tvs RRC & MMC SOUTH,TRUE,TRUE,37856,28392,Approved
SB22446,10406,SB22446 Cognizant MACY'S Client Visit,TRUE,TRUE,1460800,1095600,Approved
SB22447,10407,SB22447 Neo4J Swags with arrangements,TRUE,TRUE,23920,17940,Approved
SB22448,10408,SB22448 Adobe Make it,TRUE,TRUE,928816,696612,Approved
SB22449,10409,SB22449 Siemens Digital Kiosk,TRUE,TRUE,399072,299304,Approved
SB22450,10410,SB22450 SAP Build Day,TRUE,TRUE,75038,56278.5,Approved
SB22451,10411,SB22451 Phonepe Converge,TRUE,TRUE,794847,596135.25,Approved
SB22452,10412,SB22452 INPG Pinnacle R&R,TRUE,TRUE,1683242,1262431.5,Approved
SB22453,10413,SB22453 Indoor Showroom Inauguration,TRUE,TRUE,326469,244851.75,Approved
SB22454,10414,SB22454 Amazon - LML,TRUE,TRUE,349299,261974.25,Approved
SB22456,10416,SB22456 DBS Bank - DBS Technology Roadshow,TRUE,TRUE,440000,330000,Approved
SB22457,10417,SB22457 Cognizant Gurgaon Client Visit,TRUE,TRUE,14726,11044.5,Approved
SB22458,10418,SB22458 DBS CEO Give Away,TRUE,TRUE,234230,175672.5,Approved
SB22460,10419,SB22460 HMI Townhall Event 2025,TRUE,TRUE,872600,654450,Approved
SB22461,10420,SB22461 Holi 2025 : Pan India Celebration,TRUE,TRUE,14685862,11014396.5,Approved
SB22462,10421,SB22462 Siemens DEI Tree Making,TRUE,TRUE,130048,97536,Approved
SB22463,10422,SB22463 Cognizant NLG Client Visit,TRUE,TRUE,104467,78350.25,Approved
SB22464,10423,SB22464 Natwest Nicola Town Hall Meet,TRUE,TRUE,396201,297150.75,Approved
SB22465,10424,SB22465 HUL CEO Review,TRUE,TRUE,10000000,7500000,Approved
SB22466,10425,SB22466 Shella Kurlon Business Meet,TRUE,TRUE,720500,540375,Approved
SB22467,10426,SB22467 Cognizant EDJ Client visit.,TRUE,TRUE,145000,108750,Approved
SB22468,10427,SB22468 Cognizant Nation Wide.,TRUE,TRUE,250000,187500,Approved
SB22469,10428,SB22469 Cognizant RBC Client Visit 2025,TRUE,TRUE,3288648,2466486,Approved
SB22470,10429,SB22470 Novo Nordisk Townhall,TRUE,TRUE,818918,614188.5,Approved
SB22471,10430,SB22471 BIAL Partner Connect 6.0,TRUE,TRUE,4610589,3457941.75,Approved
SB22475,10431,SB22475 Hero International Women's Day,TRUE,TRUE,9039371,6779528.25,Approved
SB22477,10432,SB22477 Google YT Shopping X Tech,TRUE,TRUE,4100036,3075027,Approved
SB22478,10433,SB22478 Signify Plaque and Certificates,TRUE,TRUE,222880,167160,Approved
SB22479,10434,"SB22479 Brookfield IPC Event,",TRUE,TRUE,3554369,2665776.75,Approved
SB22480,10435,SB22480 DBS Piyush Gupta Farewell Photographer,TRUE,TRUE,8800,6600,Approved
SB21466,10619,SB21466 TVS Event at Sheraton Grand White field,TRUE,TRUE,1000000,0,Approved
SB21942,10620,SB21942 Regency AV Production,TRUE,TRUE,995500,450000,Approved
SB22325,10622,SB22325 Infosys legal service delivery sessions,TRUE,TRUE,627473,470604.75,Approved
SB22481,10623,SB22481 Eicher Womens Day activation,TRUE,TRUE,94656,70992,Approved
SB22482,10624,SB22482 Eurogrip RRC Activity FEB 2025,TRUE,TRUE,15499,11624.25,Approved
SB22483,10625,SB22483 Hero Xoom Media Drive,TRUE,TRUE,2475151,1856363.25,Approved
SB22484,10626,SB22484 DBS T&O Townhall,TRUE,TRUE,385550,289162.5,Approved
SB22486,10627,SB22486 Siemens Townhall,TRUE,TRUE,225881,169410.75,Approved
SB22487,10628,SB22487 Amazon Holi Event,TRUE,TRUE,309188,231891,Approved
SB22488,10629,SB22488 NetApp_CrossGen_RIL_Kochi_eventCustomer Event,TRUE,TRUE,339093,254319.75,Approved
SB22489,10630,SB22489 Amazon OTS Townhall Meeting.,TRUE,TRUE,34496,25872,Approved
SB22490,10631,SB22490 DBS Sun board Printings,TRUE,TRUE,15510,11632.5,Approved
SB22491,10632,SB22491 Hul  Magnum x LFW,TRUE,TRUE,3769198,2826898.5,Approved
SB22492,10633,SB22492 DBS Badminton Players  Meet & Greet,TRUE,TRUE,1000010,750007.5,Approved
SB22493,10634,SB22493 DBS Virtual Photobooth,TRUE,TRUE,18150,13612.5,Approved
SB22494,10635,SB22494 Siemens GBS Townhall,TRUE,TRUE,518818,389113.5,Approved
SB22495,10636,SB22495 HUL SC Conference 2025,TRUE,TRUE,11723444,8792583,Approved
SB22496,10637,SB22496 HUL MacBook Purchas,TRUE,TRUE,253237,189927.75,Approved
SB22497,10638,SB22497 Hul JBP Meet 2025,TRUE,TRUE,246100,184575,Approved
SB22498,10639,SB22498 OnePlus SFS pop-up,TRUE,TRUE,355246,266434.5,Approved
SB22499,10640,SB22499 OnePlus Jamnight @ IIT DTU,TRUE,TRUE,335929,251946.75,Approved
SB22500,10641,SB22500 Tata Motors Stealth Mall Activation,TRUE,TRUE,10882960,8162220,Approved
SB22501,10642,SB22501 Siemens MO Townhall,TRUE,TRUE,665782,499336.5,Approved
SB22502,10643,SB22502 Siemens Elevate at Siemens Office,TRUE,TRUE,2070754,1553065.5,Approved
SB22503,10644,SB22503 HUL North Branch Meet 2025,TRUE,TRUE,1679396,1259547,Approved
SB22504,10645,SB22504 Amazon - AA Leadership Connect,TRUE,TRUE,143693,107769.75,Approved
SB22505,10646,SB22505 Jio with arrangements,TRUE,TRUE,224000,168000,Approved
SB22506,10647,SB22506 DBS India Townhall Q1 2025,TRUE,TRUE,245000,183750,Approved
SB22507,10648,SB22507 Intel Premium standee delivered,TRUE,TRUE,150150,112612.5,Approved
SB22508,10649,SB22508 Intel AIPC Workshop,TRUE,TRUE,293370,220027.5,Approved
SB22510,10650,SB22510 Siemens Townhall,TRUE,TRUE,283345,212508.75,Approved
SB22511,10651,SB22511 Accenture  Interns Welcome Networking Dinner,TRUE,TRUE,1230768,923076,Approved
SB22512,10652,SB22512 Nvidia 2025,TRUE,TRUE,5000000,3750000,Approved
SB22513,10653,SB22513 VCF Experience Days and VMUG,TRUE,TRUE,1480113.6,1110085.2,Approved
SB22514,10654,SB22514 Accenture RSA Super Star Awards,TRUE,TRUE,117665,88248.75,Approved
SB22515,10655,SB22515 Acrylic Name Badge Pune Visit,TRUE,TRUE,9350,7012.5,Approved
SB22516,10656,SB22516 Accenture IHG Client Visit,TRUE,TRUE,176412.5,132309.38,Approved
SB22517,10657,SB22517 Hitachi CIO Klub Chennai chapter event,TRUE,TRUE,1200000,900000,Approved
SB22518,10658,SB22518 TATA debossed diaries & pens,TRUE,TRUE,17248,12936,Approved
SB22519,10659,SB22519 TATA debossed Logo Installation,TRUE,TRUE,111440,83580,Approved
SB22520,10660,SB22520 Towards Workshop - Delhi,TRUE,TRUE,197144,147858,Approved
SB22521,10661,SB22521 Hul Indulekha - Good Hair Day,TRUE,TRUE,350000,262500,Approved
SB22523,10662,SB22523 RNTBCI Cohort 2 Start Up Pitch awards,TRUE,TRUE,186450,139837.5,Approved
SB22524,10663,SB22524 Amazon - eCF Leadership 2025,TRUE,TRUE,125818,94363.5,Approved
SB22525,10664,SB22525 GlaxoSmithKline Certificates & Trophies,TRUE,TRUE,27830,20872.5,Approved
SB22526,10665,SB22526 Accenture International Women's Day 2025,TRUE,TRUE,134992,101244,Approved
SB22527,10666,SB22527 GitHub connect - Razorpay in Bangalore,TRUE,TRUE,284211,213158.25,Approved
SB22528,10667,SB22528 Microsoft townhall,TRUE,TRUE,392265,294198.75,Approved
SB22529,10668,SB22529 Cognizant Allianz Client Visit,TRUE,TRUE,570251,427688.25,Approved
SB22532,10669,SB22532 Natwest Logistics Town Hall Meet,TRUE,TRUE,337700,253275,Approved
SB22533,10670,SB22533 Amazon trifold Posters,TRUE,TRUE,32450,24337.5,Approved
SB22534,10671,SB22534 Cognizant US Bank Client Visit,TRUE,TRUE,169477,127107.75,Approved
SB22535,10672,SB22535 Cognizant US Bank Client Visit,TRUE,TRUE,190960,143220,Approved
SB22536,10673,SB22536 Citi Bank - Photographer,TRUE,TRUE,11000,8250,Approved
SB22537,10674,SB22537 Siemens Dahod Ministry Visit,TRUE,TRUE,433026,324769.5,Approved
SB22538,10675,SB22538 Mahindra GSO Offsite Decor,TRUE,TRUE,63910,47932.5,Approved
SB22539,10676,SB22539 Amway Doug DeVos India Leadership Summit,TRUE,TRUE,5000000,3750000,Approved
SB22540,10677,SB22540 SAP NOW 2025,TRUE,TRUE,23878565,17908923.75,Approved
SB22541,10678,SB22541 Networking Event @ IPL Chinnaswamy Stadium,TRUE,TRUE,2001000,1500750,Approved
SB22542,10679,SB22542 Confluent Booklet Printing,TRUE,TRUE,120750,90562.5,Approved
SB22543,10680,SB22543 BROOKFIELD POWAI - CUSTOMER EXPERIENCE JOURNEY,TRUE,TRUE,1448283,1086212.25,Approved
SB22544,10681,SB22544 Intel GPTW activities,TRUE,TRUE,35962,26971.5,Approved
SB22545,10682,SB22545 Hitachi SKO 25,TRUE,TRUE,3500020,2625015,Approved
SB22546,10683,SB22546 Cognizant Computershare Client Visit,TRUE,TRUE,571307,428480.25,Approved
SB22547,10684,SB22547 Amazon Booth - Soul Sante,TRUE,TRUE,73590,55192.5,Approved
SB22548,10685,SB22548 LSIP - Pickleball Tournament,TRUE,TRUE,581460,436095,Approved
SB22549,10686,SB22549 Siemens CEO Townhall Event,TRUE,TRUE,286859,215144.25,Approved
SB22550,10687,SB22550 Metro Cash & Carry - Annual Meet,TRUE,TRUE,2117334,1588000.5,Approved
SB22551,10688,SB22551 OnePlus pop-up,TRUE,TRUE,699894,524920.5,Approved
SB22552,10689,SB22552 Hul  Grat Fest 2025,TRUE,TRUE,1864118,1398088.5,Approved
SB22553,10690,SB22553 Siemens SRE Townhall,TRUE,TRUE,399644,299733,Approved
SB22554,10691,SB22554 GOC - Backdrop Installation,TRUE,TRUE,16100,12075,Approved
SB22555,10692,SB22555 Amazon AFBP Graduation Ceremony,TRUE,TRUE,137198,102898.5,Approved
SB22556,10693,SB22556 Amazon Smart Wallet Launch,TRUE,TRUE,72400,54300,Approved
SB22557,10694,SB22557 OnePlus Jam Night in Delhi,TRUE,TRUE,629684,472263,Approved
SB22558,10695,SB22558 Cognizant Nationwide Client Visit,TRUE,TRUE,215490,161617.5,Approved
SB22559,10696,SB22559 HPE Cloud Connect,TRUE,TRUE,2150500,1612875,Approved
SB22560,10697,SB22560 HPE Aruba Networking Day,TRUE,TRUE,1020000,765000,Approved
SB22561,10698,"SB22561 Dell - Indian Express events in May - 21, 22, 28 & 30th May",TRUE,TRUE,10000000,7500000,Approved
SB22562,10699,"SB22562 Dell - Indian Express events in June - 4, 12 & 18th June.",TRUE,TRUE,10000000,7500000,Approved
SB22563,10700,"SB22563 Dell - Indian Express events in July - 2, 9 & 16th July",TRUE,TRUE,10000000,7500000,Approved
SB22564,10701,SB22564 BP India LT Dinner,TRUE,TRUE,1017327,762995.25,Approved
SB22565,10702,SB22565 Apparel Fashion Tech World,TRUE,TRUE,1643862,1232896.5,Approved
SB22566,10703,SB22566 HUL MT Conference 2025,TRUE,TRUE,3471250,2603437.5,Approved
SB22567,10704,SB22567 DBS Plasma Installation,TRUE,TRUE,22440,16830,Approved
SB22568,10705,SB22568 Tata Motors Investor Day 2025,TRUE,TRUE,1523500,1142625,Approved
SB22569,10706,SB22569 Vivo V50e in Mumbai,TRUE,TRUE,11153280,8364960,Approved
SB22570,10707,SB22570 Accenture Photographer Requirement - Multi City,TRUE,TRUE,171600,128700,Approved
SB22571,10708,SB22571 Intel Booth at Start Up Mahakumbh,TRUE,TRUE,2779112,2084334,Approved
SB22572,10709,SB22572 Team Bonding - Astrazeneca,TRUE,TRUE,94072,70554,Approved
SB22573,10710,SB22573 Amazon Townhall Meeting,TRUE,TRUE,33583,25187.25,Approved
SB22574,10711,SB22574 OnePlus OEF,TRUE,TRUE,1711179,1283384.25,Approved
SB22575,10712,SB22575 BP All India Townhall 2025,TRUE,TRUE,835524,626643,Approved
SB22576,10713,SB22576 RNTBCI Gemba visit,TRUE,TRUE,820930,615697.5,Approved
SB22577,10714,SB22577 Hero DIC Zonal Meet,TRUE,TRUE,3460086,2595064.5,Approved
SB22578,10715,SB22578 Siemens Switch board Factory 50 years,TRUE,TRUE,5333936,4000452,Approved
SB22580,10716,SB22580 Towards CIO Roundtable in Bangalore,TRUE,TRUE,650000,487500,Approved
SB22581,10717,#N/A,TRUE,TRUE,655500,491625,Approved
SB22582,10718,SB22582 BP Exploration,TRUE,TRUE,138448,103836,Approved
SB22583,10719,SB22583 DBS Webinar session with Navneet Munot,TRUE,TRUE,55000,41250,Approved
SB22584,10720,SB22584 Asus P series Launch,TRUE,TRUE,2600192,1950144,Approved
SB22585,10721,SB22585 Tata Giveaways,TRUE,TRUE,6496,4872,Approved
SB22586,10722,SB22586 Hul R&D Leadership Forum,TRUE,TRUE,1646729,1235046.75,Approved
SB22587,10723,SB22587 Towards Giveaway Production,TRUE,TRUE,29835,22376.25,Approved
SB22589,10724,SB22589 Amazon - L 7 Recognition,TRUE,TRUE,34100,25575,Approved
SB22590,10725,SB22590 Dell ISG Launch in Pune,TRUE,TRUE,6916000,5187000,Approved
SB22591,10726,SB22591 Dell CSG Launch in Hyderabad,TRUE,TRUE,10725200,8043900,Approved
SB22592,10727,SB22592 Adobe Director Summit,TRUE,TRUE,1456000,1092000,Approved
SB22593,10728,SB22593 Cognizant Client Visit Raheja,TRUE,TRUE,268279,201209.25,Approved
SB22594,10729,SB22594 Siemens 100 years traction: Bharat Mandapam Stall,TRUE,TRUE,1022599,766949.25,Approved
SB22595,10730,SB22595 IKEA - May Activity,TRUE,TRUE,2580160,1935120,Approved
SB22596,10731,SB22596 Red Hat Tech Talk Event Series,TRUE,TRUE,3705921,2779440.75,Approved
SB22597,10732,SB22597 Tvs Shiprocket Recharge,TRUE,TRUE,16125,12093.75,Approved
SB22599,10733,SB22599 SAP Innovation Days,TRUE,TRUE,142703,107027.25,Approved
SB22600,10734,SB22600 Accenture Client event,TRUE,TRUE,192016,144012,Approved
SB22602,10735,SB22602 HUL - B&W JBP Myntra Meet 2025,TRUE,TRUE,1102551,826913.25,Approved
SB22603,10736,SB22603 Siemens Individual PVC card with QR code,TRUE,TRUE,52557,39417.75,Approved
SB22604,10737,SB22604 Amazon rockstars Gurgaon,TRUE,TRUE,1014046,760534.5,Approved
SB22605,10738,SB22605 Intel Premium standee print,TRUE,TRUE,13492,10119,Approved
SB22606,10739,SB22606 TCS W10K 2025,TRUE,TRUE,5907348,4430511,Approved
SB22607,10740,SB22607 ServiceNow Giveaways,TRUE,TRUE,336450,252337.5,Approved
SB22608,10741,SB22608 Siemens Mobility Works,TRUE,TRUE,320000,240000,Approved
SB22609,10742,SB22609 IKEA - April Activity,TRUE,TRUE,713240,534930,Approved
SB22384,11219,SB22384 NTT Data - Transformation NOW,TRUE,TRUE,1805742,1354306.5,Approved
SB22420,11220,SB22420 BIT Mesra 70 Years Platinum Jubilee Celebration,TRUE,TRUE,450000,337500,Approved
SB22422,11221,SB22422 Jubilant Investor Meet 2025,TRUE,TRUE,2500000,1875000,Approved
SB22472,11223,SB22472 Wella Trendvision,TRUE,TRUE,12193500,9145125,Approved
SB22474,11225,SB22474 HPCL Women's Day celebration,TRUE,TRUE,745412,559059,Approved
SB22476,11226,SB22476 Ducati Panigale V4 Launch,TRUE,TRUE,1657975,1243481.25,Approved
SB22485,11227,SB22485 Jamf CIO Summit event,TRUE,TRUE,1236571,927428.25,Approved
SB22509,11228,SB22509 Aircraft launch,TRUE,TRUE,94662,70996.5,Approved
SB22522,11229,SB22522 Maruti Flatbed Requirement,TRUE,TRUE,495845,371883.75,Approved
SB22530,11230,SB22530 Photographer requirement for Sonata Software - Meet,TRUE,TRUE,6000,4500,Approved
SB22531,11231,SB22531 TVS VEHICLE MOBILITY Sign Board,TRUE,TRUE,11000,8250,Approved
SB22579,11232,SB22579 CIO Summit event,TRUE,TRUE,659496,494622,Approved
SB22588,11233,SB22588 Superhealth Hospital Branding,TRUE,TRUE,451386,338539.5,Approved
SB22601,11234,SB22601 Proposal for Novo Nordisk Q1 Digest,TRUE,TRUE,72600,54450,Approved
SB21386,11423,SB21386 Accenture  FE Utsava - Carnival Artists,TRUE,TRUE,400000,0,Approved
SB21718,11424,SB21718 Google YouTube Creator Collective Q3 2024,TRUE,TRUE,49063401,17667663,Approved
SB21768,11425,SB21768 HUL Finomenals 2024,TRUE,TRUE,2550462,1045400,Approved
SB21825,11426,SB21825 Audi 100 K Milestone Celebration Event,TRUE,TRUE,29512410,18212320,Approved
SB22598,11427,SB22598 KNMA WithIn by Aditi Mangaldas,TRUE,TRUE,1150000,862500,Approved
SB22610,11428,SB22610 Amazon Whiteboard Animation video project,TRUE,TRUE,71500,53625,Approved
SB22612,11429,SB22612 Greenlam GT Launch,TRUE,TRUE,2099625,1574718.75,Approved
SB22613,11430,SB22613 VinFast Digital Promotions,TRUE,TRUE,6873000,5154750,Approved
SB22614,11431,SB22614 Tally Mahasabha 2025,TRUE,TRUE,5079584,3809688,Approved
SB22615,11432,SB22615 Kia Clavis Hybrid,TRUE,TRUE,23940532,17955399,Approved
SB22616,11433,SB22616  HDFC Bank Tech Workshop HYD,TRUE,TRUE,617954,463465.5,Approved
SB22617,11434,SB22617 Cognizant NW visit,TRUE,TRUE,205700,154275,Approved
SB22618,11435,SB22618 Hyundai Global Service Seminar 2025,TRUE,TRUE,3522570,2641927.5,Approved
SB22619,11436,SB22619 Siemens - HR Offiste 2025,TRUE,TRUE,839248,629436,Approved
SB22620,11437,SB22620 Palo Cybersecurity Leadership Summitt,TRUE,TRUE,15498045,11623533.75,Approved
SB22622,11438,SB22622 Townhall at Microsoft,TRUE,TRUE,437265,327948.75,Approved
SB22623,11439,SB22623 HPE Zerto Enablement,TRUE,TRUE,1719960,1289970,Approved
SB22624,11440,SB22624 Phone Pe - Converge,TRUE,TRUE,703084,527313,Approved
SB22625,11441,SB22625 GBS Finance Offsite ,TRUE,TRUE,30800,23100,Approved
SB22626,11442,SB22626 Adobe Elite Circle,TRUE,TRUE,1800000,1350000,Approved
SB22627,11443,SB22627 Natwest Nasscom GCC Summit 2025,TRUE,TRUE,361880,271410,Approved
SB22628,11444,SB22628 Red ABM Account Day,TRUE,TRUE,822404,616803,Approved
SB22629,11445,SB22629 STT Advantage Employee offsite,TRUE,TRUE,11232890,8424667.5,Approved
SB22630,11446,SB22630 Adobe Partner Summit hotel,TRUE,TRUE,1500000,1125000,Approved
SB22631,11447,SB22631 Red Hat BFSI Summit,TRUE,TRUE,4847633,3635724.75,Approved
SB22632,11448,"SB22632 Accenture stall @ NASSCOM GCC Summit,",TRUE,TRUE,553080,414810,Approved
SB22633,11449,SB22633 Cognizant - Client Visit,TRUE,TRUE,25300,18975,Approved
SB22634,11450,SB22634 Red Hat Immersion Day - Mumbai | Q2,TRUE,TRUE,870929,653196.75,Approved
SB22635,11451,SB22635 Amazon BOX Installation,TRUE,TRUE,163200,122400,Approved
SB22636,11452,SB22636 Walmart Townhall,TRUE,TRUE,535700,401775,Approved
SB22637,11453,SB22637 Natwest Ruchika Town Hall Meet,TRUE,TRUE,349765,262323.75,Approved
SB22638,11454,SB22638 Red Hat F & B,TRUE,TRUE,46575,34931.25,Approved
SB22639,11455,SB22639 BROOKFIELD DC VS RCB IPL,TRUE,TRUE,440000,330000,Approved
SB22640,11456,SB22640 YTCC X-Waves,TRUE,TRUE,12600000,9450000,Approved
SB22641,11457,SB22641 Siemens GBS SSON Visit,TRUE,TRUE,115000,86250,Approved
SB22642,11458,SB22642 Amazon Townhall event,TRUE,TRUE,80014,60010.5,Approved
SB22643,11459,SB22643 AI@Walmart,TRUE,TRUE,1784284,1338213,Approved
SB22644,11460,SB22644 Intel - Webinr Series for Audience Acquasition,TRUE,TRUE,861000,645750,Approved
SB22645,11461,"SB22645 Hul Shiva's Farewell Event,",TRUE,TRUE,1783762,1337821.5,Approved
SB22646,11462,SB22646 Hero Farwell event,TRUE,TRUE,1146015,859511.25,Approved
SB22648,11463,SB22648 Mahindra Press & Analyst Meet,TRUE,TRUE,792000,594000,Approved
SB22649,11464,SB22649 Cognizant Zumba activity,TRUE,TRUE,100100,75075,Approved
SB22650,11465,SB22650 Kotak Townhall with CEO,TRUE,TRUE,1478362,1108771.5,Approved
SB22651,11466,SB22651 Amazon IN Finance Career Day 2025,TRUE,TRUE,437059,327794.25,Approved
SB22652,11467,SB22652 Amazon collateral design and print,TRUE,TRUE,10010,7507.5,Approved
SB22653,11468,SB22653 SS Plate _SEIL Name Plates,TRUE,TRUE,376776,282582,Approved
SB22654,11469,SB22654 Amazon Transcend Graduation,TRUE,TRUE,209293,156969.75,Approved
SB22655,11470,SB22655 Red ACE Program - Aditya Birla Group,TRUE,TRUE,823500,617625,Approved
SB22656,11471,SB22656 OnePlus Masterclass,TRUE,TRUE,725537,544152.75,Approved
SB22657,11472,SB22657 Google YT Shopping Lifestyle edition,TRUE,TRUE,8200000,6150000,Approved
SB22658,11473,SB22658 Red Hat Immersion Day,TRUE,TRUE,453325,339993.75,Approved
SB22659,11474,SB22659 Amazon Day One at Work,TRUE,TRUE,178178,133633.5,Approved
SB22660,11475,SB22660 HUL iSight App Showcase,TRUE,TRUE,141052,105789,Approved
SB22661,11476,SB22661 Takasago Food solution centre Inauguration,TRUE,TRUE,526900,395175,Approved
SB22662,11477,SB22662 Tata Fleet Management at Waves,TRUE,TRUE,4041600,3031200,Approved
SB22664,11478,SB22664 Amway BBS Multicity events,TRUE,TRUE,4000000,3000000,Approved
SB22665,11479,SB22665 CIO KERALA CHAPTER,TRUE,TRUE,511803,383852.25,Approved
SB22666,11480,SB22666 HPE Aruba CXO Meet,TRUE,TRUE,1947000,1460250,Approved
SB22668,11481,SB22668 Brookprop WATERSTONES,TRUE,TRUE,1690063,1267547.25,Approved
SB22663,11482,SB22663 Siemens Canteen Inauguration Event,TRUE,TRUE,270874.93,203156.2,Approved
SB21992,11623,SB21992 Meeting Expenses,TRUE,TRUE,1000000,0,Approved
SB22647,11624,SB22647 Indo IFCCI Seminar. ,TRUE,TRUE,97440,73080,Approved
SB22667,11625,SB22667 40th Year Anniversary,TRUE,TRUE,148005,111003.75,Approved
SB22611,11626,SB22611 Bumblebee Fun Activities,TRUE,TRUE,381205,285903.75,Approved
SB22621,11627,SB22621 Towards T-shirts with branding - Partner Kick Off,TRUE,TRUE,198375,148781.25,Approved
