SBCode,Production Id,Trigger approved,Initial Approved,Billing Budget History,Cost Budget History,Budget Approval Status,Project End Date
SB21528,9918,TRUE,TRUE,4417437,4248350,Modified Budget Approved,30/06/2024
SB21697,9919,TRUE,TRUE,1330560,1259600,Modified Budget Approved,29/01/2025
SB21700,9920,TRUE,TRUE,401218.4,278646,Modified Budget Approved,27/06/2024
SB21703,9921,TRUE,TRUE,3109238,2130780,Modified Budget Approved,30/08/2024
SB21704,9922,TRUE,TRUE,415514,377740,Modified Budget Approved,29/11/2024
SB21733,9923,TRUE,TRUE,162635,119886,Modified Budget Approved,11/07/2024
SB21770,9924,TRUE,TRUE,2413600,1859893.54,Modified Budget Approved,19/07/2024
SB21797,9925,TRUE,TRUE,489783,209322,Modified Budget Approved,10/08/2024
SB21800,9926,TRUE,TRUE,1933840,527400,Modified Budget Approved,30/11/2024
SB21804,9927,TRUE,TRUE,11400000,10581100,Modified Budget Approved,25/09/2024
SB21807,9928,TRUE,TRUE,26857088,20685300,Modified Budget Approved,22/10/2024
SB21814,9929,TRUE,TRUE,409750,98000,Modified Budget Approved,15/11/2024
SB21829,9930,TRUE,TRUE,2527500,927101,Modified Budget Approved,30/09/2024
SB21847,9931,TRUE,TRUE,67831,42000,Modified Budget Approved,08/08/2024
SB21859,9932,TRUE,TRUE,585824523.6,295902800,Modified Budget Approved,25/10/2024
SB21861,9933,TRUE,TRUE,43169821,31242614,Modified Budget Approved,06/12/2024
SB21873,9934,TRUE,TRUE,6594170,2196300,Modified Budget Approved,19/09/2024
SB21888,9935,TRUE,TRUE,5035200,4799600,Modified Budget Approved,01/11/2024
SB21911,9936,TRUE,TRUE,6002832,4430000,Modified Budget Approved,25/12/2024
SB21911,9936,TRUE,TRUE,6002832,4430000,Modified Budget Approved,25/12/2024
SB21914,9937,TRUE,TRUE,263375,188035,Modified Budget Approved,06/09/2024
SB21917,9938,TRUE,TRUE,3174924.93,3147200,Modified Budget Approved,30/11/2024
SB21920,9939,TRUE,TRUE,415000,6500,Modified Budget Approved,30/11/2024
SB21930,9940,TRUE,TRUE,180070,105735,Modified Budget Approved,13/09/2024
SB21931,9941,TRUE,TRUE,1785916,1339437,Modified Budget Approved,30/11/2024
SB21935,9942,TRUE,TRUE,2785110.4,1875000,Modified Budget Approved,30/11/2024
SB21939,9943,TRUE,TRUE,123389.25,112173,Modified Budget Approved,30/11/2024
SB21940,9944,TRUE,TRUE,5718840,4084570,Modified Budget Approved,25/10/2024
SB21944,9945,TRUE,TRUE,1712265.28,1392963,Modified Budget Approved,15/09/2024
SB21945,9946,TRUE,TRUE,2831064.16,1573677.5,Modified Budget Approved,18/09/2024
SB21947,9947,TRUE,TRUE,566389,412127,Modified Budget Approved,20/09/2024
SB21954,9948,TRUE,TRUE,2483937,1045620,Modified Budget Approved,18/11/2024
SB21960,9949,TRUE,TRUE,7890000,5214706.35,Modified Budget Approved,07/12/2024
SB21961,9950,TRUE,TRUE,335680,112800,Modified Budget Approved,30/11/2024
SB21975,9951,TRUE,TRUE,766283.95,318800,Modified Budget Approved,25/11/2024
SB21981,9952,TRUE,TRUE,850000,788736,Modified Budget Approved,27/09/2024
SB21982,9953,TRUE,TRUE,25313041,21186974,Modified Budget Approved,03/10/2024
SB21983,9954,TRUE,TRUE,27520,24200,Modified Budget Approved,24/09/2024
SB21984,9955,TRUE,TRUE,733428,195500,Modified Budget Approved,20/09/2024
SB21985,9956,TRUE,TRUE,150000,147200,Modified Budget Approved,27/09/2024
SB21986,9957,TRUE,TRUE,269236,220580,Modified Budget Approved,25/09/2025
SB21987,9958,TRUE,TRUE,31390,27800,Modified Budget Approved,22/09/2024
SB21988,9959,TRUE,TRUE,819005,604285,Modified Budget Approved,25/09/2024
SB21989,9960,TRUE,TRUE,1240477.66,351100,Modified Budget Approved,26/09/2024
SB21990,9961,TRUE,TRUE,4963500,4726000,Modified Budget Approved,07/11/2024
SB21991,9962,TRUE,TRUE,9930859.96,4748000,Modified Budget Approved,28/11/2024
SB21993,9963,TRUE,TRUE,1040380,243700,Modified Budget Approved,24/09/2024
SB21995,9964,TRUE,TRUE,3034350,1807600,Modified Budget Approved,09/10/2024
SB21996,9965,TRUE,TRUE,402500,255345,Modified Budget Approved,29/09/2024
SB21997,9966,TRUE,TRUE,300840,213700,Modified Budget Approved,28/09/2024
SB21998,9967,TRUE,TRUE,3991461.24,1190729,Modified Budget Approved,03/10/2024
SB21999,9968,TRUE,TRUE,4766447,3035690,Modified Budget Approved,29/09/2024
SB22000,9969,TRUE,TRUE,53120,39300,Modified Budget Approved,25/09/2024
SB22001,9970,TRUE,TRUE,825000,365306,Modified Budget Approved,18/10/2024
SB22002,9971,TRUE,TRUE,2245584,1668400,Modified Budget Approved,15/10/2024
SB22003,9972,TRUE,TRUE,304464,261800,Modified Budget Approved,27/09/2024
SB22004,9973,TRUE,TRUE,181887.5,88730,Modified Budget Approved,27/09/2024
SB22005,9974,TRUE,TRUE,3302404,2652800,Modified Budget Approved,01/10/2024
SB22007,9975,TRUE,TRUE,72600,30091,Modified Budget Approved,27/09/2024
SB22008,9976,TRUE,TRUE,1570800,1200000,Modified Budget Approved,29/09/2024
SB22009,9977,TRUE,TRUE,332200,121265,Modified Budget Approved,27/09/2024
SB22010,9978,TRUE,TRUE,3465250,2856100,Modified Budget Approved,24/10/2024
SB22011,9979,TRUE,TRUE,31325,23493.75,Modified Budget Approved,06/10/2024
SB22012,9980,TRUE,TRUE,876090.86,640754.61,Modified Budget Approved,04/10/2024
SB22013,9981,TRUE,TRUE,1528120,928940,Modified Budget Approved,01/10/2024
SB22015,9982,TRUE,TRUE,626789,359700,Modified Budget Approved,07/11/2024
SB22016,9983,TRUE,TRUE,774974,590500,Modified Budget Approved,01/10/2024
SB22017,9984,TRUE,TRUE,693500,350700,Modified Budget Approved,01/10/2024
SB22018,9985,TRUE,TRUE,112725,84543.75,Modified Budget Approved,02/10/2024
SB22019,9986,TRUE,TRUE,2490000,952500,Modified Budget Approved,01/10/2024
SB22020,9987,TRUE,TRUE,71500,24000,Modified Budget Approved,01/10/2024
SB22021,9988,TRUE,TRUE,511164,403600,Modified Budget Approved,18/10/2024
SB22022,9989,TRUE,TRUE,10750,10000,Modified Budget Approved,02/10/2024
SB22023,9990,TRUE,TRUE,2297922,1638050,Modified Budget Approved,04/10/2024
SB22024,9991,TRUE,TRUE,30536,16268,Modified Budget Approved,03/10/2024
SB22025,9992,TRUE,TRUE,471436.95,386900,Modified Budget Approved,09/10/2024
SB22026,9993,TRUE,TRUE,5473654.5,3116850,Modified Budget Approved,24/10/2024
SB22027,9994,TRUE,TRUE,1596210,1410800,Modified Budget Approved,09/10/2024
SB22028,9995,TRUE,TRUE,6622288,2485100,Modified Budget Approved,10/10/2024
SB22029,9996,TRUE,TRUE,411290,313140,Modified Budget Approved,09/10/2024
SB22030,9997,TRUE,TRUE,5022828.8,2040640,Modified Budget Approved,16/10/2024
SB22031,9998,TRUE,TRUE,5884010,5108540,Modified Budget Approved,30/12/2024
SB22034,9999,TRUE,TRUE,4071097,3287604,Modified Budget Approved,24/10/2024
SB22035,10000,TRUE,TRUE,92858.5,25800,Modified Budget Approved,07/10/2024
SB22036,10001,TRUE,TRUE,76459,23101,Modified Budget Approved,07/10/2024
SB22037,10002,TRUE,TRUE,111546,94500,Modified Budget Approved,09/10/2024
SB22038,10003,TRUE,TRUE,2315786,1658170,Modified Budget Approved,04/10/2024
SB22039,10004,TRUE,TRUE,32250,30300,Modified Budget Approved,10/10/2024
SB22040,10005,TRUE,TRUE,1976243,1481165,Modified Budget Approved,09/10/2024
SB22041,10006,TRUE,TRUE,5423402,4518700,Modified Budget Approved,13/10/2024
SB22042,10007,TRUE,TRUE,240889,140000,Modified Budget Approved,15/10/2024
SB22043,10008,TRUE,TRUE,42795251,26905490,Modified Budget Approved,08/11/2024
SB22044,10009,TRUE,TRUE,2675878,699590,Modified Budget Approved,10/10/2024
SB22045,10010,TRUE,TRUE,3280032,3221960,Modified Budget Approved,14/11/2024
SB22046,10011,TRUE,TRUE,348662,260001,Modified Budget Approved,10/10/2024
SB22047,10012,TRUE,TRUE,6182556.53,2564900,Modified Budget Approved,15/10/2024
SB22048,10013,TRUE,TRUE,6225923,4890710,Modified Budget Approved,02/11/2024
SB22049,10014,TRUE,TRUE,256360,192270,Modified Budget Approved,09/10/2024
SB22050,10015,TRUE,TRUE,1359963,1148125,Modified Budget Approved,07/11/2024
SB22051,10016,TRUE,TRUE,18645,7250,Modified Budget Approved,17/10/2024
SB22052,10017,TRUE,TRUE,180083.98,50900,Modified Budget Approved,15/10/2024
SB22053,10018,TRUE,TRUE,76252,24500,Modified Budget Approved,11/10/2024
SB22054,10019,TRUE,TRUE,3111324,2666200,Modified Budget Approved,11/11/2024
SB22055,10020,TRUE,TRUE,3616045.4,2373229,Modified Budget Approved,27/11/2024
SB22056,10021,TRUE,TRUE,1804963,1640765,Modified Budget Approved,19/10/2024
SB22057,10022,TRUE,TRUE,1926650,1432922.76,Modified Budget Approved,25/10/2024
SB22058,10023,TRUE,TRUE,4834337,2517700,Modified Budget Approved,14/10/2024
SB22059,10024,TRUE,TRUE,1036409,1004375,Modified Budget Approved,16/10/2024
SB22060,10025,TRUE,TRUE,1880674.4,511224,Modified Budget Approved,28/11/2024
SB22061,10026,TRUE,TRUE,131841,120700,Modified Budget Approved,15/10/2024
SB22062,10027,TRUE,TRUE,1646855.78,1267200,Modified Budget Approved,28/10/2024
SB22063,10028,TRUE,TRUE,694788.5,580200,Modified Budget Approved,20/10/2024
SB22064,10029,TRUE,TRUE,670367,482100,Modified Budget Approved,19/10/2024
SB22065,10030,TRUE,TRUE,1486833,134800,Modified Budget Approved,15/01/2025
SB22066,10031,TRUE,TRUE,221914,173700,Modified Budget Approved,23/10/2024
SB22067,10032,TRUE,TRUE,619239.5,532500,Modified Budget Approved,23/10/2024
SB22068,10033,TRUE,TRUE,884349,17500,Modified Budget Approved,25/10/2024
SB22069,10034,TRUE,TRUE,4206438.08,2545800,Modified Budget Approved,19/10/2024
SB22070,10035,TRUE,TRUE,664855.5,466914.8,Modified Budget Approved,23/10/2024
SB22071,10036,TRUE,TRUE,372075,279056.25,Modified Budget Approved,24/10/2024
SB22072,10037,TRUE,TRUE,1963242.4,247750,Modified Budget Approved,25/10/2024
SB22073,10038,TRUE,TRUE,1005156,877500,Modified Budget Approved,24/10/2024
SB22074,10039,TRUE,TRUE,191232,163600,Modified Budget Approved,24/10/2024
SB22075,10040,TRUE,TRUE,541683,503000,Modified Budget Approved,06/11/2024
SB22076,10041,TRUE,TRUE,2471429.8,675671,Modified Budget Approved,22/10/2024
SB22077,10042,TRUE,TRUE,822332,650800,Modified Budget Approved,21/10/2024
SB22078,10043,TRUE,TRUE,632808,488400,Modified Budget Approved,22/10/2024
SB22079,10044,TRUE,TRUE,2315671.96,1725100,Modified Budget Approved,24/10/2024
SB22080,10045,TRUE,TRUE,22876538,8288700,Modified Budget Approved,25/10/2024
SB22081,10046,TRUE,TRUE,2500730,1382900,Modified Budget Approved,27/10/2024
SB22082,10047,TRUE,TRUE,3106091,2136725.28,Modified Budget Approved,26/10/2024
SB22083,10048,TRUE,TRUE,321915,175445,Modified Budget Approved,23/10/2024
SB22084,10049,TRUE,TRUE,174900,117700,Modified Budget Approved,24/10/2024
SB22085,10050,TRUE,TRUE,245394.6,171652,Modified Budget Approved,23/10/2024
SB22086,10051,TRUE,TRUE,640783,416540,Modified Budget Approved,23/10/2024
SB22087,10052,TRUE,TRUE,14100000,13325094,Modified Budget Approved,30/11/2024
SB22088,10053,TRUE,TRUE,6639050,5508171,Modified Budget Approved,27/11/2024
SB22089,10054,TRUE,TRUE,21900000,18292085,Modified Budget Approved,22/12/2024
SB22090,10055,TRUE,TRUE,25528081,24921056,Modified Budget Approved,12/12/2024
SB22091,10056,TRUE,TRUE,540171.72,393307.9,Modified Budget Approved,25/10/2024
SB22092,10057,TRUE,TRUE,361900,273000,Modified Budget Approved,24/10/2024
SB22093,10058,TRUE,TRUE,70422,55400,Modified Budget Approved,23/10/2024
SB22094,10059,TRUE,TRUE,498305,373728.75,Modified Budget Approved,30/11/2024
SB22095,10060,TRUE,TRUE,300000,169500,Modified Budget Approved,25/10/2024
SB22096,10061,TRUE,TRUE,737748,670900,Modified Budget Approved,08/11/2024
SB22097,10062,TRUE,TRUE,16500000,15164800,Modified Budget Approved,12/11/2024
SB22098,10063,TRUE,TRUE,9393104.58,5549610,Modified Budget Approved,07/11/2024
SB22099,10064,TRUE,TRUE,2399999,2116910,Modified Budget Approved,18/11/2024
SB22100,10065,TRUE,TRUE,121594,82500,Modified Budget Approved,29/10/2024
SB22101,10066,TRUE,TRUE,894242,726800,Modified Budget Approved,29/10/2024
SB22102,10067,TRUE,TRUE,107568,77300,Modified Budget Approved,26/10/2024
SB22103,10068,TRUE,TRUE,331771.68,190000,Modified Budget Approved,29/10/2024
SB22104,10069,TRUE,TRUE,3010,2500,Modified Budget Approved,28/10/2024
SB22105,10070,TRUE,TRUE,3677740,2905350,Modified Budget Approved,06/12/2024
SB22106,10071,TRUE,TRUE,31847,30000,Modified Budget Approved,28/10/2024
SB22107,10072,TRUE,TRUE,2571168.7,1689700,Modified Budget Approved,23/11/2024
SB22108,10073,TRUE,TRUE,364430,363600,Modified Budget Approved,08/11/2024
SB22109,10074,TRUE,TRUE,98450,65000,Modified Budget Approved,01/11/2024
SB22110,10075,TRUE,TRUE,3139842,2843850,Modified Budget Approved,18/12/2024
SB22111,10076,TRUE,TRUE,2824355.95,1553997,Modified Budget Approved,30/11/2024
SB22112,10077,TRUE,TRUE,275000,200000,Modified Budget Approved,01/11/2024
SB22113,10078,TRUE,TRUE,347099,312463,Modified Budget Approved,01/11/2024
SB22114,10079,TRUE,TRUE,4717462.5,3993200,Modified Budget Approved,08/11/2024
SB22115,10080,TRUE,TRUE,28270592,12233706,Modified Budget Approved,16/11/2024
SB22116,10081,TRUE,TRUE,822437,616827.75,Modified Budget Approved,20/12/2024
SB22117,10082,TRUE,TRUE,15000,11250,Modified Budget Approved,01/11/2024
SB22118,10083,TRUE,TRUE,1664332,375610,Modified Budget Approved,15/11/2024
SB22119,10084,TRUE,TRUE,335891.48,215037,Modified Budget Approved,07/11/2024
SB22120,10085,TRUE,TRUE,24200000,23933475,Modified Budget Approved,22/01/2025
SB22121,10086,TRUE,TRUE,9294623,3003000,Modified Budget Approved,05/11/2024
SB22122,10087,TRUE,TRUE,887998,140000,Modified Budget Approved,05/11/2024
SB22123,10088,TRUE,TRUE,8572553,2882600,Modified Budget Approved,14/11/2024
SB22124,10089,TRUE,TRUE,2840150,1840000,Modified Budget Approved,14/11/2024
SB22125,10090,TRUE,TRUE,2589000,1910000,Modified Budget Approved,22/11/2024
SB22126,10091,TRUE,TRUE,3100000,1369900,Modified Budget Approved,30/11/2024
SB22127,10092,TRUE,TRUE,2928934.14,1128000,Modified Budget Approved,22/11/2024
SB22128,10093,TRUE,TRUE,179025,20000,Modified Budget Approved,08/11/2024
SB22129,10094,TRUE,TRUE,961617,280000,Modified Budget Approved,11/11/2024
SB22130,10095,TRUE,TRUE,88485,81240,Modified Budget Approved,10/11/2024
SB22131,10096,TRUE,TRUE,10926786,9396270,Modified Budget Approved,07/12/2024
SB22132,10097,TRUE,TRUE,202950,157500,Modified Budget Approved,05/11/2024
SB22133,10098,TRUE,TRUE,99000,73700,Modified Budget Approved,11/11/2024
SB22134,10099,TRUE,TRUE,228066.3,171100,Modified Budget Approved,10/11/2024
SB22135,10100,TRUE,TRUE,1344395,1033907,Modified Budget Approved,25/11/2024
SB22136,10101,TRUE,TRUE,18036192.9,10747980,Modified Budget Approved,07/12/2024
SB22137,10102,TRUE,TRUE,1400000,826950,Modified Budget Approved,08/11/2024
SB22138,10103,TRUE,TRUE,203500,185000,Modified Budget Approved,19/12/2024
SB22139,10104,TRUE,TRUE,4495685,4505582,Modified Budget Approved,20/11/2024
SB22140,10105,TRUE,TRUE,1665900.45,551773.4,Modified Budget Approved,13/11/2024
SB22141,10106,TRUE,TRUE,1469516.4,673076,Modified Budget Approved,12/11/2024
SB22142,10107,TRUE,TRUE,1662464,543450,Modified Budget Approved,18/11/2024
SB22143,10108,TRUE,TRUE,31647,27506,Modified Budget Approved,12/11/2024
SB22144,10109,TRUE,TRUE,468237,194844,Modified Budget Approved,14/11/2024
SB22145,10110,TRUE,TRUE,367000,285000,Modified Budget Approved,24/11/2024
SB22146,10111,TRUE,TRUE,44440,41200,Modified Budget Approved,18/11/2024
SB22147,10112,TRUE,TRUE,800000,608350,Modified Budget Approved,22/11/2024
SB22148,10113,TRUE,TRUE,183700,101184,Modified Budget Approved,14/11/2024
SB22149,10114,TRUE,TRUE,1592250,1288006,Modified Budget Approved,21/11/2024
SB22150,10115,TRUE,TRUE,213400,111500,Modified Budget Approved,13/11/2024
SB22151,10116,TRUE,TRUE,72800,52000,Modified Budget Approved,14/11/2024
SB22152,10117,TRUE,TRUE,111550,38000,Modified Budget Approved,13/11/2024
SB22153,10118,TRUE,TRUE,39936.25,27000,Modified Budget Approved,17/11/2024
SB22154,10119,TRUE,TRUE,44617630.61,37676198,Modified Budget Approved,27/11/2024
SB22155,10120,TRUE,TRUE,131575,112370,Modified Budget Approved,16/11/2024
SB22156,10121,TRUE,TRUE,891467,128000,Modified Budget Approved,13/11/2024
SB22157,10122,TRUE,TRUE,1593752.8,941000,Modified Budget Approved,12/12/2024
SB22158,10123,TRUE,TRUE,17055834,12012054,Modified Budget Approved,21/01/2025
SB22159,10124,TRUE,TRUE,47773150,22751786,Modified Budget Approved,22/01/2025
SB22160,10125,TRUE,TRUE,1808620,1523742.43,Modified Budget Approved,22/11/2024
SB22161,10126,TRUE,TRUE,1500000,717800,Modified Budget Approved,15/11/2024
SB22161,10126,TRUE,TRUE,1500000,717800,Modified Budget Approved,15/11/2024
SB22162,10127,TRUE,TRUE,997464.25,328733.08,Modified Budget Approved,29/11/2024
SB22163,10128,TRUE,TRUE,80300,67500,Modified Budget Approved,14/11/2024
SB22164,10129,TRUE,TRUE,47500,36500,Modified Budget Approved,14/11/2024
SB22166,10130,TRUE,TRUE,96250,76700,Modified Budget Approved,14/11/2024
SB22167,10131,TRUE,TRUE,675073.1,247560,Modified Budget Approved,25/11/2024
SB22168,10132,TRUE,TRUE,793342,291198,Modified Budget Approved,20/11/2024
SB22169,10133,TRUE,TRUE,1259716.5,886140,Modified Budget Approved,29/11/2024
SB22170,10134,TRUE,TRUE,4988529.5,1860900,Modified Budget Approved,04/12/2024
SB22171,10135,TRUE,TRUE,5047660,3715315,Modified Budget Approved,19/11/2024
SB22172,10136,TRUE,TRUE,389913.35,226100,Modified Budget Approved,21/11/2024
SB22173,10137,TRUE,TRUE,399910,267606,Modified Budget Approved,20/11/2024
SB22174,10138,TRUE,TRUE,111100,78500,Modified Budget Approved,24/11/2024
SB22175,10139,TRUE,TRUE,1105068,461600,Modified Budget Approved,26/11/2024
SB22176,10140,TRUE,TRUE,2702382,444900,Modified Budget Approved,26/11/2024
SB22177,10141,TRUE,TRUE,1520552,1047909,Modified Budget Approved,22/11/2024
SB22178,10142,TRUE,TRUE,32852267,18000300,Modified Budget Approved,29/11/2024
SB22179,10143,TRUE,TRUE,130823,118500,Modified Budget Approved,28/11/2024
SB22180,10144,TRUE,TRUE,20844,16079,Modified Budget Approved,22/11/2024
SB22181,10145,TRUE,TRUE,353270.5,239742,Modified Budget Approved,21/11/2024
SB22182,10146,TRUE,TRUE,53406,37000,Modified Budget Approved,22/11/2024
SB22183,10147,TRUE,TRUE,1500000,1500000,Modified Budget Approved,04/12/2024
SB22184,10148,TRUE,TRUE,547625,410718.75,Modified Budget Approved,30/01/2025
SB22185,10149,TRUE,TRUE,13420480.82,8353558,Modified Budget Approved,26/11/2024
SB22186,10150,TRUE,TRUE,3831504,3630280,Modified Budget Approved,01/12/2024
SB22187,10151,TRUE,TRUE,3416250,1341315,Modified Budget Approved,30/11/2024
SB22188,10152,TRUE,TRUE,5887750,5011000,Modified Budget Approved,30/12/2024
SB22189,10153,TRUE,TRUE,6526623,5283722,Modified Budget Approved,04/12/2024
SB22190,10154,TRUE,TRUE,8232950,3332000,Modified Budget Approved,01/12/2024
SB22191,10155,TRUE,TRUE,7920290,5402900,Modified Budget Approved,04/12/2024
SB22192,10156,TRUE,TRUE,259600,220000,Modified Budget Approved,07/12/2024
SB22193,10157,TRUE,TRUE,262900,87500,Modified Budget Approved,02/12/2024
SB22194,10158,TRUE,TRUE,800000,622250,Modified Budget Approved,28/11/2024
SB22195,10159,TRUE,TRUE,302049,90000,Modified Budget Approved,26/11/2024
SB22196,10160,TRUE,TRUE,22204193,17398880,Modified Budget Approved,15/01/2025
SB22197,10161,TRUE,TRUE,4319117.74,1546750,Modified Budget Approved,05/12/2024
SB22198,10162,TRUE,TRUE,617700,778120,Modified Budget Approved,30/11/2024
SB22199,10163,TRUE,TRUE,225630,135300,Modified Budget Approved,29/11/2024
SB22200,10164,TRUE,TRUE,649880,450500,Modified Budget Approved,28/11/2024
SB22201,10165,TRUE,TRUE,144471.4,128300,Modified Budget Approved,28/11/2024
SB22202,10166,TRUE,TRUE,147554.24,129230,Modified Budget Approved,29/11/2024
SB22203,10167,TRUE,TRUE,628085,569988,Modified Budget Approved,05/12/2024
SB22204,10168,TRUE,TRUE,11286798,3788100,Modified Budget Approved,30/12/2024
SB22205,10169,TRUE,TRUE,720339,332364,Modified Budget Approved,03/12/2024
SB22206,10170,TRUE,TRUE,2157482.4,954800,Modified Budget Approved,06/12/2024
SB22207,10171,TRUE,TRUE,1549175,1390650,Modified Budget Approved,05/12/2024
SB22208,10172,TRUE,TRUE,1303397,373100,Modified Budget Approved,03/12/2024
SB22209,10173,TRUE,TRUE,336600,89500,Modified Budget Approved,05/12/2024
SB22210,10174,TRUE,TRUE,414964.73,311223.5475,Modified Budget Approved,31/03/2025
SB22211,10175,TRUE,TRUE,2419584,1659475,Modified Budget Approved,05/12/2024
SB22212,10176,TRUE,TRUE,16000069,12617450,Modified Budget Approved,06/12/2024
SB22213,10177,TRUE,TRUE,43000,20200,Modified Budget Approved,05/12/2024
SB22214,10178,TRUE,TRUE,1186119,759521,Modified Budget Approved,07/12/2024
SB22215,10179,TRUE,TRUE,1320000,1108100,Modified Budget Approved,07/12/2024
SB22216,10180,TRUE,TRUE,715000,650000,Modified Budget Approved,04/12/2024
SB22217,10181,TRUE,TRUE,235294.5,177400,Modified Budget Approved,12/12/2024
SB22218,10182,TRUE,TRUE,2319150,2011150,Modified Budget Approved,07/12/2024
SB22219,10183,TRUE,TRUE,7700,3500,Modified Budget Approved,10/12/2024
SB22220,10184,TRUE,TRUE,107800,73569,Modified Budget Approved,06/12/2024
SB22221,10185,TRUE,TRUE,139700,51000,Modified Budget Approved,06/12/2024
SB22222,10186,TRUE,TRUE,1270000,1200000,Modified Budget Approved,24/12/2024
SB22223,10187,TRUE,TRUE,1014000,150000,Modified Budget Approved,25/01/2025
SB22224,10188,TRUE,TRUE,1486322.2,968848,Modified Budget Approved,09/12/2024
SB22225,10189,TRUE,TRUE,469000,200000,Modified Budget Approved,10/12/2024
SB22226,10190,TRUE,TRUE,130946.29,122000,Modified Budget Approved,10/12/2024
SB22227,10191,TRUE,TRUE,2663421.28,2393160,Modified Budget Approved,13/12/2024
SB22228,10192,TRUE,TRUE,1270843,930186,Modified Budget Approved,07/12/2024
SB22229,10193,TRUE,TRUE,116820,81200,Modified Budget Approved,10/12/2024
SB22230,10194,TRUE,TRUE,471790,160000,Modified Budget Approved,10/12/2024
SB22231,10195,TRUE,TRUE,983679,906660,Modified Budget Approved,11/12/2024
SB22232,10196,TRUE,TRUE,221738,84060,Modified Budget Approved,11/12/2024
SB22233,10197,TRUE,TRUE,1748353,980800,Modified Budget Approved,17/12/2024
SB22234,10198,TRUE,TRUE,29613,26750,Modified Budget Approved,10/12/2024
SB22235,10199,TRUE,TRUE,1232935,691440,Modified Budget Approved,11/12/2024
SB22236,10200,TRUE,TRUE,2493256,2080364,Modified Budget Approved,17/12/2024
SB22237,10201,TRUE,TRUE,180000,170000,Modified Budget Approved,26/12/2024
SB22238,10202,TRUE,TRUE,1344079,848122,Modified Budget Approved,11/12/2024
SB22239,10203,TRUE,TRUE,8378991.5,2306175,Modified Budget Approved,11/12/2024
SB22240,10204,TRUE,TRUE,987250,717370,Modified Budget Approved,25/02/2025
SB22241,10205,TRUE,TRUE,416572.18,246220,Modified Budget Approved,11/12/2024
SB22242,10206,TRUE,TRUE,1187115,510000,Modified Budget Approved,11/12/2024
SB22243,10207,TRUE,TRUE,1674972.43,1368700,Modified Budget Approved,14/12/2024
SB22244,10208,TRUE,TRUE,226800,159834,Modified Budget Approved,11/12/2024
SB22245,10209,TRUE,TRUE,204000,124500,Modified Budget Approved,11/12/2024
SB22246,10210,TRUE,TRUE,1620943,1203945,Modified Budget Approved,10/01/2025
SB22247,10211,TRUE,TRUE,151074,118700,Modified Budget Approved,19/12/2024
SB22248,10212,TRUE,TRUE,149600,112200,Modified Budget Approved,12/12/2024
SB22249,10213,TRUE,TRUE,11765660,11158398.3,Modified Budget Approved,20/12/2024
SB22250,10214,TRUE,TRUE,2546180.29,1235388,Modified Budget Approved,19/12/2024
SB22251,10215,TRUE,TRUE,1737450,1242270,Modified Budget Approved,15/01/2025
SB22252,10216,TRUE,TRUE,1601316,885500,Modified Budget Approved,18/12/2024
SB22253,10217,TRUE,TRUE,6127633,5401546,Modified Budget Approved,22/12/2024
SB22254,10218,TRUE,TRUE,77640578,58849375,Modified Budget Approved,06/02/2025
SB22255,10219,TRUE,TRUE,806058,740880,Modified Budget Approved,20/12/2024
SB22256,10220,TRUE,TRUE,1743269,1457664,Modified Budget Approved,20/12/2024
SB22257,10221,TRUE,TRUE,1685000,1383240,Modified Budget Approved,06/02/2025
SB22258,10222,TRUE,TRUE,695602.56,461623,Modified Budget Approved,18/12/2024
SB22259,10223,TRUE,TRUE,631807,241800,Modified Budget Approved,20/12/2024
SB22260,10224,TRUE,TRUE,269060,55000,Modified Budget Approved,20/12/2024
SB22261,10225,TRUE,TRUE,835796,707095,Modified Budget Approved,23/12/2024
SB22262,10226,TRUE,TRUE,400400,261750,Modified Budget Approved,21/01/2025
SB22263,10227,TRUE,TRUE,19679990,16571688,Modified Budget Approved,30/06/2025
SB22264,10228,TRUE,TRUE,2600000,975000,Modified Budget Approved,30/01/2025
SB22265,10229,TRUE,TRUE,11000,8250,Modified Budget Approved,23/12/2024
SB22266,10230,TRUE,TRUE,2477946,1922980,Modified Budget Approved,06/01/2025
SB22267,10231,TRUE,TRUE,9456318,8400402,Modified Budget Approved,07/01/2025
SB22268,10232,TRUE,TRUE,4536474,2386000,Modified Budget Approved,28/02/2025
SB22269,10233,TRUE,TRUE,11409836.9,8325900,Modified Budget Approved,11/01/2025
SB22270,10234,TRUE,TRUE,11125422,4445075,Modified Budget Approved,05/01/2025
SB22271,10235,TRUE,TRUE,468214,255127,Modified Budget Approved,09/01/2025
SB22272,10236,TRUE,TRUE,35604216,29140415,Modified Budget Approved,22/01/2025
SB22273,10237,TRUE,TRUE,2100263.42,1655000,Modified Budget Approved,25/03/2025
SB22274,10238,TRUE,TRUE,163680,126940,Modified Budget Approved,05/01/2025
SB22275,10239,TRUE,TRUE,15660,11745,Modified Budget Approved,03/01/2025
SB22276,10240,TRUE,TRUE,165000,63700,Modified Budget Approved,08/01/2025
SB22277,10241,TRUE,TRUE,3234784,2544540,Modified Budget Approved,13/02/2025
SB22278,10242,TRUE,TRUE,17417310,10772055,Modified Budget Approved,26/02/2025
SB22279,10243,TRUE,TRUE,2019600,1397562,Modified Budget Approved,25/01/2025
SB22280,10244,TRUE,TRUE,33088470.1,17115000,Modified Budget Approved,08/01/2025
SB22281,10245,TRUE,TRUE,7975899,3233274,Modified Budget Approved,21/01/2025
SB22282,10246,TRUE,TRUE,354542.08,266336,Modified Budget Approved,07/01/2025
SB22283,10247,TRUE,TRUE,10450,7837.5,Modified Budget Approved,06/01/2025
SB22284,10248,TRUE,TRUE,21500,20200,Modified Budget Approved,07/01/2025
SB22285,10249,TRUE,TRUE,672227.6,537341,Modified Budget Approved,12/01/2025
SB22286,10250,TRUE,TRUE,310782.88,150700,Modified Budget Approved,10/01/2025
SB22287,10251,TRUE,TRUE,63773.49,42000,Modified Budget Approved,08/01/2025
SB22288,10252,TRUE,TRUE,755930,387500,Modified Budget Approved,13/01/2025
SB22289,10253,TRUE,TRUE,781000,1100,Modified Budget Approved,24/07/2025
SB22290,10254,TRUE,TRUE,570000,100000,Modified Budget Approved,20/03/2025
SB22291,10255,TRUE,TRUE,1196907.61,971550,Modified Budget Approved,26/01/2025
SB22292,10256,TRUE,TRUE,9350,5000,Modified Budget Approved,11/01/2025
SB22293,10257,TRUE,TRUE,239424,133804,Modified Budget Approved,11/01/2025
SB22294,10258,TRUE,TRUE,17462.5,9000,Modified Budget Approved,08/01/2025
SB22295,10259,TRUE,TRUE,982113,538500,Modified Budget Approved,13/01/2025
SB22296,10260,TRUE,TRUE,669806,504100,Modified Budget Approved,11/01/2025
SB22297,10261,TRUE,TRUE,665000,576707,Modified Budget Approved,16/01/2025
SB22298,10262,TRUE,TRUE,300000,291400,Modified Budget Approved,15/02/2025
SB22299,10263,TRUE,TRUE,29920,25700,Modified Budget Approved,10/01/2025
SB22300,10264,TRUE,TRUE,300781.68,205300,Modified Budget Approved,16/01/2025
SB22301,10265,TRUE,TRUE,838980.8,825965,Modified Budget Approved,30/01/2025
SB22302,10266,TRUE,TRUE,523305.75,68795,Modified Budget Approved,25/03/2025
SB22303,10267,TRUE,TRUE,7842936.06,3179141.5,Modified Budget Approved,28/02/2025
SB22304,10268,TRUE,TRUE,320769.25,268250,Modified Budget Approved,30/01/2025
SB22305,10269,TRUE,TRUE,26632480,22009209,Modified Budget Approved,09/04/2025
SB22306,10270,TRUE,TRUE,35524000,29906442,Modified Budget Approved,19/03/2025
SB22307,10271,TRUE,TRUE,739200,7130,Modified Budget Approved,10/01/2025
SB22308,10272,TRUE,TRUE,2098426,1359000,Modified Budget Approved,11/01/2025
SB22309,10273,TRUE,TRUE,4257774.08,1673690,Modified Budget Approved,20/01/2025
SB22310,10274,TRUE,TRUE,70719,65600,Modified Budget Approved,25/01/2025
SB22311,10275,TRUE,TRUE,1129621.12,552939,Modified Budget Approved,15/01/2025
SB22312,10276,TRUE,TRUE,666237,488750,Modified Budget Approved,16/01/2025
SB22313,10277,TRUE,TRUE,4543000,2458660,Modified Budget Approved,29/01/2025
SB22314,10278,TRUE,TRUE,470000,439400,Modified Budget Approved,16/01/2025
SB22315,10279,TRUE,TRUE,408800,182280,Modified Budget Approved,10/02/2025
SB22316,10280,TRUE,TRUE,3369840,2692300,Modified Budget Approved,01/02/2025
SB22317,10281,TRUE,TRUE,3099998,486650,Modified Budget Approved,15/01/2025
SB22318,10282,TRUE,TRUE,16000000,15199308,Modified Budget Approved,04/02/2025
SB22319,10283,TRUE,TRUE,14700000,13855248,Modified Budget Approved,12/03/2025
SB22320,10284,TRUE,TRUE,10700000,10092088,Modified Budget Approved,05/04/2025
SB22321,10285,TRUE,TRUE,516000,118800,Modified Budget Approved,25/03/2025
SB22322,10286,TRUE,TRUE,552500,504008,Modified Budget Approved,08/02/2025
SB22323,10287,TRUE,TRUE,1558000,615000,Modified Budget Approved,30/01/2025
SB22324,10288,TRUE,TRUE,14638927,8528650,Modified Budget Approved,20/01/2025
SB22326,10289,TRUE,TRUE,3391395.54,3165307,Modified Budget Approved,24/03/2025
SB22327,10290,TRUE,TRUE,15820285.12,11584400,Modified Budget Approved,07/03/2025
SB22328,10291,TRUE,TRUE,2800568.84,2111100,Modified Budget Approved,19/02/2025
SB22329,10292,TRUE,TRUE,6486191,5234880,Modified Budget Approved,28/02/2025
SB22330,10293,TRUE,TRUE,1616033,1135970,Modified Budget Approved,25/01/2025
SB22331,10294,TRUE,TRUE,1648981.12,1535730,Modified Budget Approved,13/02/2025
SB22332,10295,TRUE,TRUE,4363722,2858200,Modified Budget Approved,04/03/2025
SB22333,10296,TRUE,TRUE,98450,75000,Modified Budget Approved,28/01/2025
SB22334,10297,TRUE,TRUE,189796,165200,Modified Budget Approved,30/01/2025
SB22335,10298,TRUE,TRUE,1995312,1478950,Modified Budget Approved,29/01/2025
SB22336,10299,TRUE,TRUE,713927.2,385544,Modified Budget Approved,24/01/2025
SB22337,10300,TRUE,TRUE,121000,20000,Modified Budget Approved,23/01/2025
SB22338,10301,TRUE,TRUE,2711172,1572000,Modified Budget Approved,30/03/2025
SB22339,10302,TRUE,TRUE,96668,61000,Modified Budget Approved,23/01/2025
SB22340,10303,TRUE,TRUE,1158195,484000,Modified Budget Approved,26/01/2025
SB22341,10304,TRUE,TRUE,8817050,7116750,Modified Budget Approved,24/01/2025
SB22342,10305,TRUE,TRUE,1138680.9,895400,Modified Budget Approved,23/02/2025
SB22343,10306,TRUE,TRUE,14447055,13159150,Modified Budget Approved,18/02/2025
SB22344,10307,TRUE,TRUE,12321475,11648140,Modified Budget Approved,05/04/2025
SB22345,10308,TRUE,TRUE,8005500,2523500,Modified Budget Approved,30/01/2025
SB22346,10309,TRUE,TRUE,1320000,1226300,Modified Budget Approved,21/02/2025
SB22347,10310,TRUE,TRUE,5850359.5,3112600,Modified Budget Approved,27/02/2025
SB22348,10311,TRUE,TRUE,2691144.5,355200,Modified Budget Approved,17/02/2025
SB22349,10312,TRUE,TRUE,132250,68850,Modified Budget Approved,24/01/2025
SB22350,10313,TRUE,TRUE,11895124,3844900,Modified Budget Approved,09/02/2025
SB22351,10314,TRUE,TRUE,650283,482300,Modified Budget Approved,29/01/2025
SB22352,10315,TRUE,TRUE,599940,266500,Modified Budget Approved,24/02/2025
SB22353,10316,TRUE,TRUE,525000,290000,Modified Budget Approved,28/01/2025
SB22354,10317,TRUE,TRUE,3500000,2472300,Modified Budget Approved,31/01/2025
SB22355,10318,TRUE,TRUE,797048,549300,Modified Budget Approved,31/01/2025
SB22356,10319,TRUE,TRUE,1027742,815300,Modified Budget Approved,05/02/2025
SB22357,10320,TRUE,TRUE,870650,424450,Modified Budget Approved,31/01/2025
SB22358,10321,TRUE,TRUE,1259490,1057400,Modified Budget Approved,04/03/2025
SB22359,10322,TRUE,TRUE,765380,415000,Modified Budget Approved,30/01/2025
SB22360,10323,TRUE,TRUE,49500,10400,Modified Budget Approved,30/01/2025
SB22361,10324,TRUE,TRUE,5464580,2147539,Modified Budget Approved,30/03/2025
SB22362,10325,TRUE,TRUE,68068,50300,Modified Budget Approved,04/02/2025
SB22363,10326,TRUE,TRUE,1792010,1539707,Modified Budget Approved,14/02/2025
SB22364,10327,TRUE,TRUE,366390,160000,Modified Budget Approved,06/02/2025
SB22365,10328,TRUE,TRUE,175095.51,33000,Modified Budget Approved,10/02/2025
SB22366,10329,TRUE,TRUE,308665,290540,Modified Budget Approved,06/02/2025
SB22367,10330,TRUE,TRUE,1000000,279576,Modified Budget Approved,16/02/2025
SB22368,10331,TRUE,TRUE,8380234.9,3723810,Modified Budget Approved,07/02/2025
SB22369,10332,TRUE,TRUE,427650,261400,Modified Budget Approved,10/02/2025
SB22370,10333,TRUE,TRUE,434500,375000,Modified Budget Approved,05/02/2025
SB22371,10334,TRUE,TRUE,249920,80000,Modified Budget Approved,04/02/2025
SB22372,10335,TRUE,TRUE,100787.5,89500,Modified Budget Approved,07/02/2025
SB22373,10336,TRUE,TRUE,4189907,3476600,Modified Budget Approved,17/02/2025
SB22374,10337,TRUE,TRUE,2344700,135596,Modified Budget Approved,25/12/2025
SB22375,10338,TRUE,TRUE,292464.5,272200,Modified Budget Approved,25/02/2025
SB22376,10339,TRUE,TRUE,655314,230229,Modified Budget Approved,11/02/2025
SB22377,10340,TRUE,TRUE,1311552,1005400,Modified Budget Approved,06/02/2025
SB22378,10341,TRUE,TRUE,850049.79,503185,Modified Budget Approved,04/02/2025
SB22379,10342,TRUE,TRUE,2072048,1117550,Modified Budget Approved,13/02/2015
SB22380,10343,TRUE,TRUE,307014.35,198623,Modified Budget Approved,08/02/2025
SB22381,10344,TRUE,TRUE,30867661,23548224,Modified Budget Approved,19/03/2025
SB22382,10345,TRUE,TRUE,5560248.39,1732640,Modified Budget Approved,01/03/2025
SB22383,10346,TRUE,TRUE,1100000,1013900,Modified Budget Approved,10/02/2025
SB22385,10347,TRUE,TRUE,804728,499928,Modified Budget Approved,12/02/2025
SB22386,10348,TRUE,TRUE,6715103.53,3701000,Modified Budget Approved,08/02/2025
SB22387,10349,TRUE,TRUE,38445547.64,21236105,Modified Budget Approved,24/02/2025
SB22388,10350,TRUE,TRUE,3759472.4,1542550,Modified Budget Approved,15/02/2025
SB22389,10351,TRUE,TRUE,8747535.71,6284450,Modified Budget Approved,13/02/2025
SB22390,10352,TRUE,TRUE,914686,561762,Modified Budget Approved,14/02/2025
SB22391,10353,TRUE,TRUE,412434.3,30300,Modified Budget Approved,10/02/2025
SB22392,10354,TRUE,TRUE,8044921,5035200,Modified Budget Approved,21/02/2025
SB22393,10355,TRUE,TRUE,421142.05,182800,Modified Budget Approved,28/02/2025
SB22394,10356,TRUE,TRUE,327498.5,222186,Modified Budget Approved,26/02/2025
SB22395,10357,TRUE,TRUE,8876888.42,2832400,Modified Budget Approved,16/02/2025
SB22396,10358,TRUE,TRUE,23124072,12685540,Modified Budget Approved,14/05/2025
SB22397,10359,TRUE,TRUE,1263051.28,371631.5,Modified Budget Approved,25/04/2025
SB22398,10360,TRUE,TRUE,1864912,1215500,Modified Budget Approved,14/02/2025
SB22399,10361,TRUE,TRUE,4926696,2419500,Modified Budget Approved,20/03/2025
SB22400,10362,TRUE,TRUE,6580000.6,2783200,Modified Budget Approved,25/03/1935
SB22401,10363,TRUE,TRUE,2103800,1593750,Modified Budget Approved,23/02/2025
SB22402,10364,TRUE,TRUE,244750,190000,Modified Budget Approved,17/02/2025
SB22403,10365,TRUE,TRUE,20000,15000,Modified Budget Approved,17/02/2025
SB22404,10366,TRUE,TRUE,1073230,476270,Modified Budget Approved,18/02/2025
SB22405,10367,TRUE,TRUE,5313598,3973500,Modified Budget Approved,21/02/2025
SB22406,10368,TRUE,TRUE,198423.5,92200,Modified Budget Approved,15/02/2025
SB22407,10369,TRUE,TRUE,62161.88,58300,Modified Budget Approved,17/02/2025
SB22408,10370,TRUE,TRUE,9350,6700,Modified Budget Approved,17/02/2025
SB22409,10371,TRUE,TRUE,343114,276004,Modified Budget Approved,17/02/2025
SB22410,10372,TRUE,TRUE,1741778,925100,Modified Budget Approved,19/02/2025
SB22411,10373,TRUE,TRUE,893387,605048,Modified Budget Approved,18/02/2025
SB22412,10374,TRUE,TRUE,588780,406824,Modified Budget Approved,19/02/2025
SB22413,10375,TRUE,TRUE,6686504,5631200,Modified Budget Approved,01/03/2025
SB22414,10376,TRUE,TRUE,15427180,12509234,Modified Budget Approved,12/03/2025
SB22415,10377,TRUE,TRUE,272338,194750,Modified Budget Approved,18/02/2025
SB22416,10378,TRUE,TRUE,278300,105000,Modified Budget Approved,18/02/2025
SB22417,10379,TRUE,TRUE,1487442,1140043.89,Modified Budget Approved,19/02/2025
SB22418,10380,TRUE,TRUE,838179.5,628634.25,Modified Budget Approved,18/02/2025
SB22419,10381,TRUE,TRUE,54567,35700,Modified Budget Approved,18/02/2025
SB22421,10382,TRUE,TRUE,597060,450200,Modified Budget Approved,19/02/2025
SB22423,10383,TRUE,TRUE,1664992,1625450,Modified Budget Approved,23/02/2025
SB22424,10384,TRUE,TRUE,8874069.7,4012300,Modified Budget Approved,24/02/2025
SB22425,10385,TRUE,TRUE,1019799,711000,Modified Budget Approved,26/02/2025
SB22426,10386,TRUE,TRUE,427636,252352,Modified Budget Approved,27/02/2025
SB22427,10387,TRUE,TRUE,242935,210000,Modified Budget Approved,24/02/2025
SB22428,10388,TRUE,TRUE,10404885.06,4611590,Modified Budget Approved,11/03/2025
SB22429,10389,TRUE,TRUE,70875,56500,Modified Budget Approved,21/03/2025
SB22430,10390,TRUE,TRUE,777852.54,435988,Modified Budget Approved,26/02/2025
SB22431,10391,TRUE,TRUE,586740,440055,Modified Budget Approved,30/05/2025
SB22432,10392,TRUE,TRUE,968924,437816,Modified Budget Approved,22/02/2025
SB22433,10393,TRUE,TRUE,634356.4,312052,Modified Budget Approved,06/03/2025
SB22434,10394,TRUE,TRUE,208058.4,145500,Modified Budget Approved,21/02/2025
SB22435,10395,TRUE,TRUE,21500,21000,Modified Budget Approved,22/02/2025
SB22436,10396,TRUE,TRUE,840000,226200,Modified Budget Approved,07/03/2025
SB22437,10397,TRUE,TRUE,7053358,3994791,Modified Budget Approved,09/04/2025
SB22438,10398,TRUE,TRUE,1191630,465000,Modified Budget Approved,27/02/2025
SB22439,10399,TRUE,TRUE,1232800,417950,Modified Budget Approved,28/03/2025
SB22440,10400,TRUE,TRUE,1659975.5,1544500,Modified Budget Approved,24/02/2025
SB22441,10401,TRUE,TRUE,181060,76300,Modified Budget Approved,25/02/2025
SB22442,10402,TRUE,TRUE,636762.5,281300,Modified Budget Approved,28/02/2025
SB22443,10403,TRUE,TRUE,231000,102050,Modified Budget Approved,25/02/2025
SB22444,10404,TRUE,TRUE,681347.92,541766,Modified Budget Approved,28/02/2025
SB22445,10405,TRUE,TRUE,37856,35000,Modified Budget Approved,25/02/2025
SB22446,10406,TRUE,TRUE,1668425,1287730,Modified Budget Approved,03/03/2025
SB22447,10407,TRUE,TRUE,25378.77,12000,Modified Budget Approved,04/03/2025
SB22448,10408,TRUE,TRUE,928816,641400,Modified Budget Approved,12/03/2025
SB22449,10409,TRUE,TRUE,1197216.52,350059,Modified Budget Approved,20/03/2025
SB22450,10410,TRUE,TRUE,75038,26400,Modified Budget Approved,26/03/2025
SB22451,10411,TRUE,TRUE,704474.72,647647.79,Modified Budget Approved,28/02/2025
SB22452,10412,TRUE,TRUE,1721742,1412475,Modified Budget Approved,10/03/2025
SB22453,10413,TRUE,TRUE,326469,244851.75,Modified Budget Approved,07/03/2025
SB22454,10414,TRUE,TRUE,349299.5,275000,Modified Budget Approved,27/02/2025
SB22456,10416,TRUE,TRUE,440000,330000,Modified Budget Approved,27/02/2025
SB22457,10417,TRUE,TRUE,25960,18401,Modified Budget Approved,28/02/2025
SB22458,10418,TRUE,TRUE,432730,198500,Modified Budget Approved,28/02/2025
SB22460,10419,TRUE,TRUE,906160,494800,Modified Budget Approved,04/03/2025
SB22461,10420,TRUE,TRUE,29857010.6,13702800,Modified Budget Approved,14/03/2025
SB22462,10421,TRUE,TRUE,130048.34,42900,Modified Budget Approved,04/03/2025
SB22463,10422,TRUE,TRUE,174185,119000,Modified Budget Approved,05/03/1935
SB22464,10423,TRUE,TRUE,396201,327100,Modified Budget Approved,04/03/2025
SB22465,10424,TRUE,TRUE,14500588.16,10841150,Modified Budget Approved,10/03/2025
SB22466,10425,TRUE,TRUE,1017500,40000,Modified Budget Approved,04/03/2025
SB22467,10426,TRUE,TRUE,144870,143500,Modified Budget Approved,03/03/2025
SB22468,10427,TRUE,TRUE,383677.8,330000,Modified Budget Approved,04/03/2025
SB22469,10428,TRUE,TRUE,3667961,3631853,Modified Budget Approved,26/03/2025
SB22470,10429,TRUE,TRUE,827168.1,430407,Modified Budget Approved,05/03/2025
SB22471,10430,TRUE,TRUE,4610589,3424017,Modified Budget Approved,14/03/2025
SB22475,10431,TRUE,TRUE,8121381,6301518,Modified Budget Approved,08/03/2025
SB22477,10432,TRUE,TRUE,5668789,3102913,Modified Budget Approved,20/03/2025
SB22478,10433,TRUE,TRUE,222096,176700,Modified Budget Approved,11/03/2025
SB22479,10434,TRUE,TRUE,6833739,2674526,Modified Budget Approved,07/03/2025
SB22480,10435,TRUE,TRUE,8800,6600,Modified Budget Approved,07/03/2025
SB21466,10619,TRUE,TRUE,1000000,750000,Modified Budget Approved,31/12/2024
SB21942,10620,TRUE,TRUE,995500,450000,Modified Budget Approved,11/09/2024
SB22325,10622,TRUE,TRUE,627473,563100,Modified Budget Approved,20/01/2025
SB22481,10623,TRUE,TRUE,92885,79000,Modified Budget Approved,07/03/2025
SB22482,10624,TRUE,TRUE,15499,13000,Modified Budget Approved,07/03/2025
SB22483,10625,TRUE,TRUE,2475150,2487800,Modified Budget Approved,10/03/2025
SB22484,10626,TRUE,TRUE,385550,177500,Modified Budget Approved,13/03/2025
SB22486,10627,TRUE,TRUE,424305.93,139000,Modified Budget Approved,11/03/2025
SB22487,10628,TRUE,TRUE,276188,207286.76,Modified Budget Approved,11/03/2025
SB22488,10629,TRUE,TRUE,339093,336009,Modified Budget Approved,13/03/2025
SB22489,10630,TRUE,TRUE,31360,26000,Modified Budget Approved,10/03/2025
SB22490,10631,TRUE,TRUE,18150,11632.5,Modified Budget Approved,10/03/2025
SB22491,10632,TRUE,TRUE,16600886,15383762,Modified Budget Approved,30/03/2025
SB22492,10633,TRUE,TRUE,1920687,1802780,Modified Budget Approved,28/03/2025
SB22493,10634,TRUE,TRUE,15510,13612.5,Modified Budget Approved,11/03/2025
SB22494,10635,TRUE,TRUE,518818.35,431980,Modified Budget Approved,13/03/2025
SB22495,10636,TRUE,TRUE,18346206.79,13490026,Modified Budget Approved,19/03/2025
SB22496,10637,TRUE,TRUE,192568,236670,Modified Budget Approved,12/03/2025
SB22497,10638,TRUE,TRUE,1346100,215400,Modified Budget Approved,12/03/2025
SB22498,10639,TRUE,TRUE,355246,211892,Modified Budget Approved,12/03/2025
SB22499,10640,TRUE,TRUE,335929,196200,Modified Budget Approved,12/03/2025
SB22500,10641,TRUE,TRUE,7892880,5476777.76,Modified Budget Approved,22/03/2025
SB22501,10642,TRUE,TRUE,949127.28,596500,Modified Budget Approved,11/03/2025
SB22502,10643,TRUE,TRUE,2600000,1270830,Modified Budget Approved,25/03/2025
SB22503,10644,TRUE,TRUE,2500043,2259750,Modified Budget Approved,17/03/2025
SB22504,10645,TRUE,TRUE,143693,108500,Modified Budget Approved,19/03/2025
SB22505,10646,TRUE,TRUE,224000,101900,Modified Budget Approved,11/03/2025
SB22506,10647,TRUE,TRUE,245000,174900,Modified Budget Approved,21/03/2025
SB22507,10648,TRUE,TRUE,150150,105000,Modified Budget Approved,12/03/2025
SB22508,10649,TRUE,TRUE,293370,211476,Modified Budget Approved,28/03/2025
SB22510,10650,TRUE,TRUE,283345,255500,Modified Budget Approved,13/03/2025
SB22511,10651,TRUE,TRUE,2687151.5,1344415,Modified Budget Approved,04/04/2025
SB22512,10652,TRUE,TRUE,1000000,561300,Modified Budget Approved,25/12/2025
SB22513,10653,TRUE,TRUE,1480113.6,357600,Modified Budget Approved,30/04/2025
SB22514,10654,TRUE,TRUE,136015,80000,Modified Budget Approved,18/03/2025
SB22515,10655,TRUE,TRUE,9350,7012.5,Modified Budget Approved,13/03/2025
SB22516,10656,TRUE,TRUE,121962.5,67450,Modified Budget Approved,25/03/2025
SB22517,10657,TRUE,TRUE,1200000,1200000,Modified Budget Approved,25/06/2025
SB22518,10658,TRUE,TRUE,17248,9500,Modified Budget Approved,17/03/2025
SB22519,10659,TRUE,TRUE,111440,83580,Modified Budget Approved,18/03/2025
SB22520,10660,TRUE,TRUE,197144,168530,Modified Budget Approved,27/04/2025
SB22521,10661,TRUE,TRUE,320000,218400,Modified Budget Approved,18/03/2025
SB22523,10662,TRUE,TRUE,372900,153200,Modified Budget Approved,19/03/2025
SB22524,10663,TRUE,TRUE,125818,85110,Modified Budget Approved,19/03/2025
SB22525,10664,TRUE,TRUE,27830,15700,Modified Budget Approved,19/03/2025
SB22526,10665,TRUE,TRUE,256784,160000,Modified Budget Approved,19/03/2025
SB22527,10666,TRUE,TRUE,284211,186850,Modified Budget Approved,18/03/2025
SB22528,10667,TRUE,TRUE,392265,135000,Modified Budget Approved,18/03/2025
SB22529,10668,TRUE,TRUE,656271,495000,Modified Budget Approved,24/03/2025
SB22532,10669,TRUE,TRUE,337700,284000,Modified Budget Approved,26/03/2025
SB22533,10670,TRUE,TRUE,32450,24337.5,Modified Budget Approved,21/03/2025
SB22534,10671,TRUE,TRUE,1791944,629500,Modified Budget Approved,31/03/2025
SB22535,10672,TRUE,TRUE,190960,143220,Modified Budget Approved,04/04/2025
SB22536,10673,TRUE,TRUE,11000,4000,Modified Budget Approved,19/03/2025
SB22537,10674,TRUE,TRUE,433026,331900,Modified Budget Approved,19/03/2025
SB22538,10675,TRUE,TRUE,63910,36200,Modified Budget Approved,27/03/2025
SB22539,10676,TRUE,TRUE,7760453,4895086,Modified Budget Approved,24/03/2025
SB22540,10677,TRUE,TRUE,42806005,37868100,Modified Budget Approved,23/04/2025
SB22541,10678,TRUE,TRUE,4753266.25,924600,Modified Budget Approved,18/04/2025
SB22542,10679,TRUE,TRUE,120750,87800,Modified Budget Approved,25/03/2025
SB22543,10680,TRUE,TRUE,2744115,1036099,Modified Budget Approved,21/03/2025
SB22544,10681,TRUE,TRUE,35962.5,6000,Modified Budget Approved,20/03/2025
SB22545,10682,TRUE,TRUE,4180020,3284250,Modified Budget Approved,25/04/2025
SB22546,10683,TRUE,TRUE,429737,350000,Modified Budget Approved,26/03/2025
SB22547,10684,TRUE,TRUE,73590,45500,Modified Budget Approved,23/03/2025
SB22548,10685,TRUE,TRUE,1162920,310100,Modified Budget Approved,23/03/2025
SB22549,10686,TRUE,TRUE,286859.98,94000,Modified Budget Approved,19/03/2025
SB22550,10687,TRUE,TRUE,2226654,1613730,Modified Budget Approved,28/03/2025
SB22551,10688,TRUE,TRUE,699894,490100,Modified Budget Approved,30/03/2025
SB22552,10689,TRUE,TRUE,3706986,1375900,Modified Budget Approved,25/03/2025
SB22553,10690,TRUE,TRUE,399644,245000,Modified Budget Approved,25/03/2025
SB22554,10691,TRUE,TRUE,9200,12075,Modified Budget Approved,24/03/2025
SB22555,10692,TRUE,TRUE,137198.6,110000,Modified Budget Approved,24/03/2025
SB22556,10693,TRUE,TRUE,72400,52056,Modified Budget Approved,26/03/2025
SB22557,10694,TRUE,TRUE,629684,422100,Modified Budget Approved,23/03/2025
SB22558,10695,TRUE,TRUE,224730,180500,Modified Budget Approved,01/04/2025
SB22559,10696,TRUE,TRUE,2261600,1793869,Modified Budget Approved,25/04/2025
SB22560,10697,TRUE,TRUE,2236795,446304.41,Modified Budget Approved,27/03/2025
SB22561,10698,TRUE,TRUE,10000000,9065800,Modified Budget Approved,30/05/2025
SB22562,10699,TRUE,TRUE,10000000,7447800,Modified Budget Approved,18/06/2025
SB22563,10700,TRUE,TRUE,10000000,7032300,Modified Budget Approved,16/07/2025
SB22564,10701,TRUE,TRUE,1017327,684460,Modified Budget Approved,01/04/2025
SB22565,10702,TRUE,TRUE,1804616,184040,Modified Budget Approved,04/04/2025
SB22566,10703,TRUE,TRUE,5531420.57,3159780,Modified Budget Approved,27/03/2025
SB22567,10704,TRUE,TRUE,24145,3548,Modified Budget Approved,04/04/2025
SB22568,10705,TRUE,TRUE,1523500,1142625,Modified Budget Approved,09/06/2025
SB22569,10706,TRUE,TRUE,13213350,12861630,Modified Budget Approved,10/04/2025
SB22570,10707,TRUE,TRUE,342650,60000,Modified Budget Approved,07/04/2025
SB22571,10708,TRUE,TRUE,1721092.49,1355460,Modified Budget Approved,05/04/1935
SB22572,10709,TRUE,TRUE,94072,50000,Modified Budget Approved,01/04/2025
SB22573,10710,TRUE,TRUE,33583,3000,Modified Budget Approved,28/03/2025
SB22574,10711,TRUE,TRUE,2156689,2000903,Modified Budget Approved,06/04/2025
SB22575,10712,TRUE,TRUE,835524,288850,Modified Budget Approved,01/04/2025
SB22576,10713,TRUE,TRUE,891616,725000,Modified Budget Approved,04/04/2025
SB22577,10714,TRUE,TRUE,3460000,71000,Modified Budget Approved,18/04/2025
SB22578,10715,TRUE,TRUE,10974853.56,3698570,Modified Budget Approved,05/04/2025
SB22580,10716,TRUE,TRUE,650000,650000,Modified Budget Approved,04/04/2025
SB22581,10717,TRUE,TRUE,771075,531950,Modified Budget Approved,08/04/2025
SB22582,10718,TRUE,TRUE,138448,43200,Modified Budget Approved,02/04/2025
SB22583,10719,TRUE,TRUE,55000,9850,Modified Budget Approved,02/04/2025
SB22584,10720,TRUE,TRUE,2751197.6,2635350,Modified Budget Approved,15/04/2025
SB22585,10721,TRUE,TRUE,6496,3010,Modified Budget Approved,10/04/2025
SB22586,10722,TRUE,TRUE,2778994.9,2028860,Modified Budget Approved,04/04/2025
SB22587,10723,TRUE,TRUE,29835,22376.25,Modified Budget Approved,02/04/2025
SB22589,10724,TRUE,TRUE,34100,25575,Modified Budget Approved,02/04/2025
SB22590,10725,TRUE,TRUE,6916000,5686000,Modified Budget Approved,11/06/2025
SB22591,10726,TRUE,TRUE,10725200,5472500,Modified Budget Approved,25/06/2025
SB22592,10727,TRUE,TRUE,1456000,621170,Modified Budget Approved,04/04/2025
SB22593,10728,TRUE,TRUE,268279,241390,Modified Budget Approved,09/04/2025
SB22594,10729,TRUE,TRUE,1022599,630700,Modified Budget Approved,18/04/2025
SB22595,10730,TRUE,TRUE,2580160,927900,Modified Budget Approved,03/05/2025
SB22596,10731,TRUE,TRUE,3705921,225000,Modified Budget Approved,15/06/2025
SB22597,10732,TRUE,TRUE,16125,12093.75,Modified Budget Approved,25/04/2025
SB22599,10733,TRUE,TRUE,644498,561491,Modified Budget Approved,07/04/2025
SB22600,10734,TRUE,TRUE,192016,8800,Modified Budget Approved,15/04/2025
SB22602,10735,TRUE,TRUE,1102551,735400,Modified Budget Approved,07/04/2025
SB22603,10736,TRUE,TRUE,105114,39417.75,Modified Budget Approved,26/05/2025
SB22604,10737,TRUE,TRUE,1014046,761000,Modified Budget Approved,10/04/2025
SB22605,10738,TRUE,TRUE,13492.5,10000,Modified Budget Approved,08/04/2025
SB22606,10739,TRUE,TRUE,5907348,4248100,Modified Budget Approved,27/04/2025
SB22607,10740,TRUE,TRUE,336450,237315,Modified Budget Approved,25/04/2025
SB22608,10741,TRUE,TRUE,564513.83,253350,Modified Budget Approved,09/04/2025
SB22609,10742,TRUE,TRUE,713240,364445,Modified Budget Approved,18/04/2025
SB22384,11219,TRUE,TRUE,18860057.06,14905610,Modified Budget Approved,18/03/2025
SB22420,11220,TRUE,TRUE,400000,18099,Modified Budget Approved,18/02/2025
SB22422,11221,TRUE,TRUE,2651254,1838600,Modified Budget Approved,26/02/2025
SB22472,11223,TRUE,TRUE,19003076.4,15890200,Modified Budget Approved,11/03/2025
SB22474,11225,TRUE,TRUE,766392,732700,Modified Budget Approved,08/03/2025
SB22476,11226,TRUE,TRUE,1885235,1035300,Modified Budget Approved,05/03/2025
SB22485,11227,TRUE,TRUE,3306571,1957900,Modified Budget Approved,26/03/2025
SB22509,11228,TRUE,TRUE,902564.96,90791,Modified Budget Approved,11/03/2025
SB22522,11229,TRUE,TRUE,495845,371883.75,Modified Budget Approved,28/03/2025
SB22530,11230,TRUE,TRUE,6000,4000,Modified Budget Approved,18/03/2025
SB22531,11231,TRUE,TRUE,11000,8250,Modified Budget Approved,18/03/2025
SB22579,11232,TRUE,TRUE,873718,820900,Modified Budget Approved,25/04/2025
SB22588,11233,TRUE,TRUE,451386.62,14000,Modified Budget Approved,10/04/2025
SB22601,11234,TRUE,TRUE,72600,54450,Modified Budget Approved,07/04/2025
SB21386,11423,TRUE,TRUE,3980976,3445039,Modified Budget Approved,07/03/2024
SB21718,11424,TRUE,TRUE,49063401,17667663,Modified Budget Approved,30/09/2024
SB21768,11425,TRUE,TRUE,2550462,1045400,Modified Budget Approved,25/07/2024
SB21825,11426,TRUE,TRUE,29512410,18212320,Modified Budget Approved,22/08/2024
SB22598,11427,TRUE,TRUE,1162090,925870,Modified Budget Approved,24/04/2025
SB22610,11428,TRUE,TRUE,71500,53625,Modified Budget Approved,11/04/2025
SB22612,11429,TRUE,TRUE,2099625,1771450,Modified Budget Approved,24/04/2025
SB22613,11430,TRUE,TRUE,6873500,6823500,Modified Budget Approved,25/04/2025
SB22614,11431,TRUE,TRUE,5079584.84,4585500,Modified Budget Approved,28/04/2025
SB22615,11432,TRUE,TRUE,22500000,13002839,Modified Budget Approved,07/05/2025
SB22616,11433,TRUE,TRUE,617954,5758,Modified Budget Approved,17/04/2025
SB22617,11434,TRUE,TRUE,706801.7,600450,Modified Budget Approved,18/04/2025
SB22618,11435,TRUE,TRUE,3623685,52000,Modified Budget Approved,30/04/2025
SB22619,11436,TRUE,TRUE,1077740.44,865430,Modified Budget Approved,25/04/2025
SB22620,11437,TRUE,TRUE,15498045,9265750,Modified Budget Approved,11/05/2025
SB22622,11438,TRUE,TRUE,437265,267500,Modified Budget Approved,22/04/2025
SB22623,11439,TRUE,TRUE,1719960,517200,Modified Budget Approved,16/04/2025
SB22624,11440,TRUE,TRUE,703084,656470,Modified Budget Approved,16/04/2025
SB22625,11441,TRUE,TRUE,30800,23100,Modified Budget Approved,16/04/2025
SB22626,11442,TRUE,TRUE,1800000,1027000,Modified Budget Approved,08/05/2025
SB22627,11443,TRUE,TRUE,394253,354000,Modified Budget Approved,23/04/2025
SB22628,11444,TRUE,TRUE,822404,616803,Modified Budget Approved,04/06/2025
SB22629,11445,TRUE,TRUE,11232890,1352100,Modified Budget Approved,25/05/2025
SB22630,11446,TRUE,TRUE,1500000,1235000,Modified Budget Approved,18/06/2025
SB22631,11447,TRUE,TRUE,4847633,3635724.75,Modified Budget Approved,11/06/2025
SB22632,11448,TRUE,TRUE,1106160,285250,Modified Budget Approved,23/04/2025
SB22633,11449,TRUE,TRUE,25300,20000,Modified Budget Approved,21/04/2025
SB22634,11450,TRUE,TRUE,870929,653196.75,Modified Budget Approved,11/06/2025
SB22635,11451,TRUE,TRUE,56540,122400,Modified Budget Approved,21/04/2025
SB22636,11452,TRUE,TRUE,535700,401775,Modified Budget Approved,28/04/2025
SB22637,11453,TRUE,TRUE,359765,293700,Modified Budget Approved,28/04/2025
SB22638,11454,TRUE,TRUE,46575,34931.25,Modified Budget Approved,29/04/2025
SB22639,11455,TRUE,TRUE,440000,400000,Modified Budget Approved,27/04/2025
SB22640,11456,TRUE,TRUE,12845310,1768372,Modified Budget Approved,02/05/2025
SB22641,11457,TRUE,TRUE,115000,95000,Modified Budget Approved,25/04/2025
SB22642,11458,TRUE,TRUE,80014,10000,Modified Budget Approved,23/04/2025
SB22643,11459,TRUE,TRUE,1784284.35,110000,Modified Budget Approved,25/04/2025
SB22644,11460,TRUE,TRUE,861000,645750,Modified Budget Approved,25/06/2025
SB22645,11461,TRUE,TRUE,2816205,2567800,Modified Budget Approved,24/04/2024
SB22646,11462,TRUE,TRUE,861169,590525,Modified Budget Approved,23/04/2025
SB22648,11463,TRUE,TRUE,792000,594000,Modified Budget Approved,05/05/2025
SB22649,11464,TRUE,TRUE,100100,85000,Modified Budget Approved,24/04/2025
SB22650,11465,TRUE,TRUE,1478362,30000,Modified Budget Approved,06/05/2025
SB22651,11466,TRUE,TRUE,437059.04,10000,Modified Budget Approved,28/04/2025
SB22652,11467,TRUE,TRUE,10010,7507.5,Modified Budget Approved,24/04/2025
SB22653,11468,TRUE,TRUE,376776,110720,Modified Budget Approved,15/05/2025
SB22654,11469,TRUE,TRUE,209293,156969.75,Modified Budget Approved,29/04/2025
SB22655,11470,TRUE,TRUE,823500,617625,Modified Budget Approved,26/05/2025
SB22656,11471,TRUE,TRUE,717723,558640,Modified Budget Approved,26/04/2025
SB22657,11472,TRUE,TRUE,8200005,202000,Modified Budget Approved,30/05/2025
SB22658,11473,TRUE,TRUE,453325,339993.75,Modified Budget Approved,29/05/2025
SB22659,11474,TRUE,TRUE,178178,133633.5,Modified Budget Approved,28/04/2025
SB22660,11475,TRUE,TRUE,295045,165650,Modified Budget Approved,28/04/2025
SB22661,11476,TRUE,TRUE,526900,383200,Modified Budget Approved,01/05/2025
SB22662,11477,TRUE,TRUE,4041600,1187500,Modified Budget Approved,05/05/2025
SB22664,11478,TRUE,TRUE,4000000,3692600,Modified Budget Approved,22/07/2025
SB22665,11479,TRUE,TRUE,511803,383852.25,Modified Budget Approved,09/05/2025
SB22666,11480,TRUE,TRUE,1947000,1023100,Modified Budget Approved,07/05/2025
SB22668,11481,TRUE,TRUE,1690063,1267547.25,Modified Budget Approved,02/05/2025
SB22663,11482,TRUE,TRUE,270874.93,203000,Modified Budget Approved,01/05/2025
SB21992,11623,TRUE,TRUE,1000000,750000,Modified Budget Approved,31/12/2024
SB22647,11624,TRUE,TRUE,97440,75838,Modified Budget Approved,24/04/2025
SB22667,11625,TRUE,TRUE,148005,8200,Modified Budget Approved,05/05/2025
SB22611,11626,TRUE,TRUE,381205,291000,Modified Budget Approved,11/04/2025
SB22621,11627,TRUE,TRUE,198375,141550,Modified Budget Approved,16/04/2025
